site,chat_index,clip_index
NoXI,001_2016-03-17_Paris,1
NoXI,001_2016-03-17_Paris,10
NoXI,001_2016-03-17_Paris,11
NoXI,001_2016-03-17_Paris,12
NoXI,001_2016-03-17_Paris,13
NoXI,001_2016-03-17_Paris,14
NoXI,001_2016-03-17_Paris,15
NoXI,001_2016-03-17_Paris,16
NoXI,001_2016-03-17_Paris,17
NoXI,001_2016-03-17_Paris,18
NoXI,001_2016-03-17_Paris,19
NoXI,001_2016-03-17_Paris,2
NoXI,001_2016-03-17_Paris,20
NoXI,001_2016-03-17_Paris,21
NoXI,001_2016-03-17_Paris,22
NoXI,001_2016-03-17_Paris,23
NoXI,001_2016-03-17_Paris,24
NoXI,001_2016-03-17_Paris,25
NoXI,001_2016-03-17_Paris,26
NoXI,001_2016-03-17_Paris,27
NoXI,001_2016-03-17_Paris,28
NoXI,001_2016-03-17_Paris,29
NoXI,001_2016-03-17_Paris,3
NoXI,001_2016-03-17_Paris,30
NoXI,001_2016-03-17_Paris,31
NoXI,001_2016-03-17_Paris,32
NoXI,001_2016-03-17_Paris,33
NoXI,001_2016-03-17_Paris,34
NoXI,001_2016-03-17_Paris,35
NoXI,001_2016-03-17_Paris,4
NoXI,001_2016-03-17_Paris,5
NoXI,001_2016-03-17_Paris,6
NoXI,001_2016-03-17_Paris,7
NoXI,001_2016-03-17_Paris,8
NoXI,001_2016-03-17_Paris,9
NoXI,002_2016-03-17_Paris,1
NoXI,002_2016-03-17_Paris,10
NoXI,002_2016-03-17_Paris,11
NoXI,002_2016-03-17_Paris,12
NoXI,002_2016-03-17_Paris,13
NoXI,002_2016-03-17_Paris,14
NoXI,002_2016-03-17_Paris,15
NoXI,002_2016-03-17_Paris,16
NoXI,002_2016-03-17_Paris,17
NoXI,002_2016-03-17_Paris,18
NoXI,002_2016-03-17_Paris,19
NoXI,002_2016-03-17_Paris,2
NoXI,002_2016-03-17_Paris,20
NoXI,002_2016-03-17_Paris,21
NoXI,002_2016-03-17_Paris,22
NoXI,002_2016-03-17_Paris,23
NoXI,002_2016-03-17_Paris,24
NoXI,002_2016-03-17_Paris,25
NoXI,002_2016-03-17_Paris,26
NoXI,002_2016-03-17_Paris,27
NoXI,002_2016-03-17_Paris,28
NoXI,002_2016-03-17_Paris,29
NoXI,002_2016-03-17_Paris,3
NoXI,002_2016-03-17_Paris,30
NoXI,002_2016-03-17_Paris,31
NoXI,002_2016-03-17_Paris,32
NoXI,002_2016-03-17_Paris,33
NoXI,002_2016-03-17_Paris,34
NoXI,002_2016-03-17_Paris,35
NoXI,002_2016-03-17_Paris,36
NoXI,002_2016-03-17_Paris,37
NoXI,002_2016-03-17_Paris,38
NoXI,002_2016-03-17_Paris,39
NoXI,002_2016-03-17_Paris,4
NoXI,002_2016-03-17_Paris,40
NoXI,002_2016-03-17_Paris,41
NoXI,002_2016-03-17_Paris,42
NoXI,002_2016-03-17_Paris,43
NoXI,002_2016-03-17_Paris,44
NoXI,002_2016-03-17_Paris,45
NoXI,002_2016-03-17_Paris,46
NoXI,002_2016-03-17_Paris,47
NoXI,002_2016-03-17_Paris,48
NoXI,002_2016-03-17_Paris,49
NoXI,002_2016-03-17_Paris,5
NoXI,002_2016-03-17_Paris,50
NoXI,002_2016-03-17_Paris,51
NoXI,002_2016-03-17_Paris,52
NoXI,002_2016-03-17_Paris,53
NoXI,002_2016-03-17_Paris,54
NoXI,002_2016-03-17_Paris,55
NoXI,002_2016-03-17_Paris,56
NoXI,002_2016-03-17_Paris,57
NoXI,002_2016-03-17_Paris,58
NoXI,002_2016-03-17_Paris,59
NoXI,002_2016-03-17_Paris,6
NoXI,002_2016-03-17_Paris,60
NoXI,002_2016-03-17_Paris,61
NoXI,002_2016-03-17_Paris,62
NoXI,002_2016-03-17_Paris,63
NoXI,002_2016-03-17_Paris,64
NoXI,002_2016-03-17_Paris,7
NoXI,002_2016-03-17_Paris,8
NoXI,002_2016-03-17_Paris,9
NoXI,003_2016-03-17_Paris,1
NoXI,003_2016-03-17_Paris,10
NoXI,003_2016-03-17_Paris,11
NoXI,003_2016-03-17_Paris,12
NoXI,003_2016-03-17_Paris,13
NoXI,003_2016-03-17_Paris,14
NoXI,003_2016-03-17_Paris,15
NoXI,003_2016-03-17_Paris,16
NoXI,003_2016-03-17_Paris,17
NoXI,003_2016-03-17_Paris,18
NoXI,003_2016-03-17_Paris,19
NoXI,003_2016-03-17_Paris,2
NoXI,003_2016-03-17_Paris,20
NoXI,003_2016-03-17_Paris,21
NoXI,003_2016-03-17_Paris,22
NoXI,003_2016-03-17_Paris,23
NoXI,003_2016-03-17_Paris,24
NoXI,003_2016-03-17_Paris,25
NoXI,003_2016-03-17_Paris,3
NoXI,003_2016-03-17_Paris,4
NoXI,003_2016-03-17_Paris,5
NoXI,003_2016-03-17_Paris,6
NoXI,003_2016-03-17_Paris,7
NoXI,003_2016-03-17_Paris,8
NoXI,003_2016-03-17_Paris,9
NoXI,004_2016-03-18_Paris,1
NoXI,004_2016-03-18_Paris,10
NoXI,004_2016-03-18_Paris,11
NoXI,004_2016-03-18_Paris,12
NoXI,004_2016-03-18_Paris,13
NoXI,004_2016-03-18_Paris,14
NoXI,004_2016-03-18_Paris,15
NoXI,004_2016-03-18_Paris,16
NoXI,004_2016-03-18_Paris,17
NoXI,004_2016-03-18_Paris,18
NoXI,004_2016-03-18_Paris,19
NoXI,004_2016-03-18_Paris,2
NoXI,004_2016-03-18_Paris,20
NoXI,004_2016-03-18_Paris,21
NoXI,004_2016-03-18_Paris,22
NoXI,004_2016-03-18_Paris,23
NoXI,004_2016-03-18_Paris,24
NoXI,004_2016-03-18_Paris,25
NoXI,004_2016-03-18_Paris,26
NoXI,004_2016-03-18_Paris,27
NoXI,004_2016-03-18_Paris,28
NoXI,004_2016-03-18_Paris,29
NoXI,004_2016-03-18_Paris,3
NoXI,004_2016-03-18_Paris,30
NoXI,004_2016-03-18_Paris,31
NoXI,004_2016-03-18_Paris,32
NoXI,004_2016-03-18_Paris,33
NoXI,004_2016-03-18_Paris,34
NoXI,004_2016-03-18_Paris,35
NoXI,004_2016-03-18_Paris,36
NoXI,004_2016-03-18_Paris,37
NoXI,004_2016-03-18_Paris,38
NoXI,004_2016-03-18_Paris,39
NoXI,004_2016-03-18_Paris,4
NoXI,004_2016-03-18_Paris,5
NoXI,004_2016-03-18_Paris,6
NoXI,004_2016-03-18_Paris,7
NoXI,004_2016-03-18_Paris,8
NoXI,004_2016-03-18_Paris,9
NoXI,005_2016-03-18_Paris,1
NoXI,005_2016-03-18_Paris,10
NoXI,005_2016-03-18_Paris,11
NoXI,005_2016-03-18_Paris,12
NoXI,005_2016-03-18_Paris,13
NoXI,005_2016-03-18_Paris,14
NoXI,005_2016-03-18_Paris,15
NoXI,005_2016-03-18_Paris,16
NoXI,005_2016-03-18_Paris,17
NoXI,005_2016-03-18_Paris,18
NoXI,005_2016-03-18_Paris,19
NoXI,005_2016-03-18_Paris,2
NoXI,005_2016-03-18_Paris,20
NoXI,005_2016-03-18_Paris,21
NoXI,005_2016-03-18_Paris,22
NoXI,005_2016-03-18_Paris,23
NoXI,005_2016-03-18_Paris,24
NoXI,005_2016-03-18_Paris,25
NoXI,005_2016-03-18_Paris,26
NoXI,005_2016-03-18_Paris,27
NoXI,005_2016-03-18_Paris,28
NoXI,005_2016-03-18_Paris,29
NoXI,005_2016-03-18_Paris,3
NoXI,005_2016-03-18_Paris,30
NoXI,005_2016-03-18_Paris,31
NoXI,005_2016-03-18_Paris,32
NoXI,005_2016-03-18_Paris,33
NoXI,005_2016-03-18_Paris,34
NoXI,005_2016-03-18_Paris,35
NoXI,005_2016-03-18_Paris,36
NoXI,005_2016-03-18_Paris,4
NoXI,005_2016-03-18_Paris,5
NoXI,005_2016-03-18_Paris,6
NoXI,005_2016-03-18_Paris,7
NoXI,005_2016-03-18_Paris,8
NoXI,005_2016-03-18_Paris,9
NoXI,006_2016-03-18_Paris,1
NoXI,006_2016-03-18_Paris,10
NoXI,006_2016-03-18_Paris,11
NoXI,006_2016-03-18_Paris,12
NoXI,006_2016-03-18_Paris,13
NoXI,006_2016-03-18_Paris,14
NoXI,006_2016-03-18_Paris,15
NoXI,006_2016-03-18_Paris,16
NoXI,006_2016-03-18_Paris,17
NoXI,006_2016-03-18_Paris,18
NoXI,006_2016-03-18_Paris,19
NoXI,006_2016-03-18_Paris,2
NoXI,006_2016-03-18_Paris,20
NoXI,006_2016-03-18_Paris,21
NoXI,006_2016-03-18_Paris,22
NoXI,006_2016-03-18_Paris,23
NoXI,006_2016-03-18_Paris,24
NoXI,006_2016-03-18_Paris,25
NoXI,006_2016-03-18_Paris,26
NoXI,006_2016-03-18_Paris,27
NoXI,006_2016-03-18_Paris,28
NoXI,006_2016-03-18_Paris,29
NoXI,006_2016-03-18_Paris,3
NoXI,006_2016-03-18_Paris,30
NoXI,006_2016-03-18_Paris,31
NoXI,006_2016-03-18_Paris,32
NoXI,006_2016-03-18_Paris,33
NoXI,006_2016-03-18_Paris,34
NoXI,006_2016-03-18_Paris,35
NoXI,006_2016-03-18_Paris,36
NoXI,006_2016-03-18_Paris,37
NoXI,006_2016-03-18_Paris,38
NoXI,006_2016-03-18_Paris,39
NoXI,006_2016-03-18_Paris,4
NoXI,006_2016-03-18_Paris,40
NoXI,006_2016-03-18_Paris,41
NoXI,006_2016-03-18_Paris,42
NoXI,006_2016-03-18_Paris,43
NoXI,006_2016-03-18_Paris,44
NoXI,006_2016-03-18_Paris,45
NoXI,006_2016-03-18_Paris,46
NoXI,006_2016-03-18_Paris,47
NoXI,006_2016-03-18_Paris,48
NoXI,006_2016-03-18_Paris,49
NoXI,006_2016-03-18_Paris,5
NoXI,006_2016-03-18_Paris,50
NoXI,006_2016-03-18_Paris,51
NoXI,006_2016-03-18_Paris,6
NoXI,006_2016-03-18_Paris,7
NoXI,006_2016-03-18_Paris,8
NoXI,006_2016-03-18_Paris,9
NoXI,007_2016-03-21_Paris,1
NoXI,007_2016-03-21_Paris,10
NoXI,007_2016-03-21_Paris,11
NoXI,007_2016-03-21_Paris,12
NoXI,007_2016-03-21_Paris,13
NoXI,007_2016-03-21_Paris,14
NoXI,007_2016-03-21_Paris,15
NoXI,007_2016-03-21_Paris,16
NoXI,007_2016-03-21_Paris,17
NoXI,007_2016-03-21_Paris,18
NoXI,007_2016-03-21_Paris,19
NoXI,007_2016-03-21_Paris,2
NoXI,007_2016-03-21_Paris,20
NoXI,007_2016-03-21_Paris,21
NoXI,007_2016-03-21_Paris,22
NoXI,007_2016-03-21_Paris,23
NoXI,007_2016-03-21_Paris,24
NoXI,007_2016-03-21_Paris,25
NoXI,007_2016-03-21_Paris,26
NoXI,007_2016-03-21_Paris,27
NoXI,007_2016-03-21_Paris,28
NoXI,007_2016-03-21_Paris,29
NoXI,007_2016-03-21_Paris,3
NoXI,007_2016-03-21_Paris,30
NoXI,007_2016-03-21_Paris,31
NoXI,007_2016-03-21_Paris,32
NoXI,007_2016-03-21_Paris,33
NoXI,007_2016-03-21_Paris,34
NoXI,007_2016-03-21_Paris,35
NoXI,007_2016-03-21_Paris,36
NoXI,007_2016-03-21_Paris,37
NoXI,007_2016-03-21_Paris,38
NoXI,007_2016-03-21_Paris,39
NoXI,007_2016-03-21_Paris,4
NoXI,007_2016-03-21_Paris,40
NoXI,007_2016-03-21_Paris,41
NoXI,007_2016-03-21_Paris,42
NoXI,007_2016-03-21_Paris,43
NoXI,007_2016-03-21_Paris,44
NoXI,007_2016-03-21_Paris,45
NoXI,007_2016-03-21_Paris,46
NoXI,007_2016-03-21_Paris,47
NoXI,007_2016-03-21_Paris,48
NoXI,007_2016-03-21_Paris,49
NoXI,007_2016-03-21_Paris,5
NoXI,007_2016-03-21_Paris,50
NoXI,007_2016-03-21_Paris,51
NoXI,007_2016-03-21_Paris,52
NoXI,007_2016-03-21_Paris,53
NoXI,007_2016-03-21_Paris,54
NoXI,007_2016-03-21_Paris,55
NoXI,007_2016-03-21_Paris,56
NoXI,007_2016-03-21_Paris,57
NoXI,007_2016-03-21_Paris,58
NoXI,007_2016-03-21_Paris,59
NoXI,007_2016-03-21_Paris,6
NoXI,007_2016-03-21_Paris,60
NoXI,007_2016-03-21_Paris,61
NoXI,007_2016-03-21_Paris,62
NoXI,007_2016-03-21_Paris,63
NoXI,007_2016-03-21_Paris,64
NoXI,007_2016-03-21_Paris,65
NoXI,007_2016-03-21_Paris,66
NoXI,007_2016-03-21_Paris,67
NoXI,007_2016-03-21_Paris,68
NoXI,007_2016-03-21_Paris,69
NoXI,007_2016-03-21_Paris,7
NoXI,007_2016-03-21_Paris,70
NoXI,007_2016-03-21_Paris,71
NoXI,007_2016-03-21_Paris,72
NoXI,007_2016-03-21_Paris,8
NoXI,007_2016-03-21_Paris,9
NoXI,008_2016-03-23_Paris,1
NoXI,008_2016-03-23_Paris,10
NoXI,008_2016-03-23_Paris,11
NoXI,008_2016-03-23_Paris,12
NoXI,008_2016-03-23_Paris,13
NoXI,008_2016-03-23_Paris,14
NoXI,008_2016-03-23_Paris,15
NoXI,008_2016-03-23_Paris,16
NoXI,008_2016-03-23_Paris,17
NoXI,008_2016-03-23_Paris,18
NoXI,008_2016-03-23_Paris,19
NoXI,008_2016-03-23_Paris,2
NoXI,008_2016-03-23_Paris,20
NoXI,008_2016-03-23_Paris,21
NoXI,008_2016-03-23_Paris,22
NoXI,008_2016-03-23_Paris,23
NoXI,008_2016-03-23_Paris,24
NoXI,008_2016-03-23_Paris,25
NoXI,008_2016-03-23_Paris,26
NoXI,008_2016-03-23_Paris,27
NoXI,008_2016-03-23_Paris,28
NoXI,008_2016-03-23_Paris,29
NoXI,008_2016-03-23_Paris,3
NoXI,008_2016-03-23_Paris,30
NoXI,008_2016-03-23_Paris,31
NoXI,008_2016-03-23_Paris,32
NoXI,008_2016-03-23_Paris,33
NoXI,008_2016-03-23_Paris,4
NoXI,008_2016-03-23_Paris,5
NoXI,008_2016-03-23_Paris,6
NoXI,008_2016-03-23_Paris,7
NoXI,008_2016-03-23_Paris,8
NoXI,008_2016-03-23_Paris,9
NoXI,009_2016-03-25_Paris,1
NoXI,009_2016-03-25_Paris,10
NoXI,009_2016-03-25_Paris,11
NoXI,009_2016-03-25_Paris,12
NoXI,009_2016-03-25_Paris,13
NoXI,009_2016-03-25_Paris,14
NoXI,009_2016-03-25_Paris,15
NoXI,009_2016-03-25_Paris,16
NoXI,009_2016-03-25_Paris,17
NoXI,009_2016-03-25_Paris,18
NoXI,009_2016-03-25_Paris,19
NoXI,009_2016-03-25_Paris,2
NoXI,009_2016-03-25_Paris,20
NoXI,009_2016-03-25_Paris,21
NoXI,009_2016-03-25_Paris,22
NoXI,009_2016-03-25_Paris,23
NoXI,009_2016-03-25_Paris,24
NoXI,009_2016-03-25_Paris,25
NoXI,009_2016-03-25_Paris,26
NoXI,009_2016-03-25_Paris,27
NoXI,009_2016-03-25_Paris,28
NoXI,009_2016-03-25_Paris,29
NoXI,009_2016-03-25_Paris,3
NoXI,009_2016-03-25_Paris,30
NoXI,009_2016-03-25_Paris,4
NoXI,009_2016-03-25_Paris,5
NoXI,009_2016-03-25_Paris,6
NoXI,009_2016-03-25_Paris,7
NoXI,009_2016-03-25_Paris,8
NoXI,009_2016-03-25_Paris,9
NoXI,010_2016-03-25_Paris,1
NoXI,010_2016-03-25_Paris,10
NoXI,010_2016-03-25_Paris,11
NoXI,010_2016-03-25_Paris,12
NoXI,010_2016-03-25_Paris,13
NoXI,010_2016-03-25_Paris,14
NoXI,010_2016-03-25_Paris,15
NoXI,010_2016-03-25_Paris,16
NoXI,010_2016-03-25_Paris,17
NoXI,010_2016-03-25_Paris,18
NoXI,010_2016-03-25_Paris,19
NoXI,010_2016-03-25_Paris,2
NoXI,010_2016-03-25_Paris,20
NoXI,010_2016-03-25_Paris,21
NoXI,010_2016-03-25_Paris,22
NoXI,010_2016-03-25_Paris,23
NoXI,010_2016-03-25_Paris,24
NoXI,010_2016-03-25_Paris,25
NoXI,010_2016-03-25_Paris,26
NoXI,010_2016-03-25_Paris,27
NoXI,010_2016-03-25_Paris,28
NoXI,010_2016-03-25_Paris,29
NoXI,010_2016-03-25_Paris,3
NoXI,010_2016-03-25_Paris,30
NoXI,010_2016-03-25_Paris,31
NoXI,010_2016-03-25_Paris,32
NoXI,010_2016-03-25_Paris,33
NoXI,010_2016-03-25_Paris,34
NoXI,010_2016-03-25_Paris,35
NoXI,010_2016-03-25_Paris,36
NoXI,010_2016-03-25_Paris,37
NoXI,010_2016-03-25_Paris,38
NoXI,010_2016-03-25_Paris,39
NoXI,010_2016-03-25_Paris,4
NoXI,010_2016-03-25_Paris,40
NoXI,010_2016-03-25_Paris,41
NoXI,010_2016-03-25_Paris,42
NoXI,010_2016-03-25_Paris,43
NoXI,010_2016-03-25_Paris,44
NoXI,010_2016-03-25_Paris,45
NoXI,010_2016-03-25_Paris,46
NoXI,010_2016-03-25_Paris,47
NoXI,010_2016-03-25_Paris,5
NoXI,010_2016-03-25_Paris,6
NoXI,010_2016-03-25_Paris,7
NoXI,010_2016-03-25_Paris,8
NoXI,010_2016-03-25_Paris,9
NoXI,011_2016-03-25_Paris,1
NoXI,011_2016-03-25_Paris,10
NoXI,011_2016-03-25_Paris,11
NoXI,011_2016-03-25_Paris,12
NoXI,011_2016-03-25_Paris,13
NoXI,011_2016-03-25_Paris,14
NoXI,011_2016-03-25_Paris,15
NoXI,011_2016-03-25_Paris,16
NoXI,011_2016-03-25_Paris,17
NoXI,011_2016-03-25_Paris,18
NoXI,011_2016-03-25_Paris,19
NoXI,011_2016-03-25_Paris,2
NoXI,011_2016-03-25_Paris,20
NoXI,011_2016-03-25_Paris,21
NoXI,011_2016-03-25_Paris,22
NoXI,011_2016-03-25_Paris,23
NoXI,011_2016-03-25_Paris,24
NoXI,011_2016-03-25_Paris,25
NoXI,011_2016-03-25_Paris,26
NoXI,011_2016-03-25_Paris,27
NoXI,011_2016-03-25_Paris,28
NoXI,011_2016-03-25_Paris,29
NoXI,011_2016-03-25_Paris,3
NoXI,011_2016-03-25_Paris,30
NoXI,011_2016-03-25_Paris,31
NoXI,011_2016-03-25_Paris,32
NoXI,011_2016-03-25_Paris,33
NoXI,011_2016-03-25_Paris,34
NoXI,011_2016-03-25_Paris,35
NoXI,011_2016-03-25_Paris,36
NoXI,011_2016-03-25_Paris,37
NoXI,011_2016-03-25_Paris,38
NoXI,011_2016-03-25_Paris,39
NoXI,011_2016-03-25_Paris,4
NoXI,011_2016-03-25_Paris,40
NoXI,011_2016-03-25_Paris,41
NoXI,011_2016-03-25_Paris,42
NoXI,011_2016-03-25_Paris,43
NoXI,011_2016-03-25_Paris,44
NoXI,011_2016-03-25_Paris,45
NoXI,011_2016-03-25_Paris,46
NoXI,011_2016-03-25_Paris,47
NoXI,011_2016-03-25_Paris,5
NoXI,011_2016-03-25_Paris,6
NoXI,011_2016-03-25_Paris,7
NoXI,011_2016-03-25_Paris,8
NoXI,011_2016-03-25_Paris,9
NoXI,012_2016-03-25_Paris,1
NoXI,012_2016-03-25_Paris,10
NoXI,012_2016-03-25_Paris,11
NoXI,012_2016-03-25_Paris,12
NoXI,012_2016-03-25_Paris,13
NoXI,012_2016-03-25_Paris,14
NoXI,012_2016-03-25_Paris,15
NoXI,012_2016-03-25_Paris,16
NoXI,012_2016-03-25_Paris,17
NoXI,012_2016-03-25_Paris,18
NoXI,012_2016-03-25_Paris,19
NoXI,012_2016-03-25_Paris,2
NoXI,012_2016-03-25_Paris,20
NoXI,012_2016-03-25_Paris,21
NoXI,012_2016-03-25_Paris,22
NoXI,012_2016-03-25_Paris,23
NoXI,012_2016-03-25_Paris,24
NoXI,012_2016-03-25_Paris,25
NoXI,012_2016-03-25_Paris,26
NoXI,012_2016-03-25_Paris,27
NoXI,012_2016-03-25_Paris,28
NoXI,012_2016-03-25_Paris,29
NoXI,012_2016-03-25_Paris,3
NoXI,012_2016-03-25_Paris,30
NoXI,012_2016-03-25_Paris,31
NoXI,012_2016-03-25_Paris,32
NoXI,012_2016-03-25_Paris,33
NoXI,012_2016-03-25_Paris,34
NoXI,012_2016-03-25_Paris,35
NoXI,012_2016-03-25_Paris,36
NoXI,012_2016-03-25_Paris,37
NoXI,012_2016-03-25_Paris,38
NoXI,012_2016-03-25_Paris,39
NoXI,012_2016-03-25_Paris,4
NoXI,012_2016-03-25_Paris,5
NoXI,012_2016-03-25_Paris,6
NoXI,012_2016-03-25_Paris,7
NoXI,012_2016-03-25_Paris,8
NoXI,012_2016-03-25_Paris,9
NoXI,013_2016-03-30_Paris,1
NoXI,013_2016-03-30_Paris,10
NoXI,013_2016-03-30_Paris,11
NoXI,013_2016-03-30_Paris,12
NoXI,013_2016-03-30_Paris,13
NoXI,013_2016-03-30_Paris,14
NoXI,013_2016-03-30_Paris,15
NoXI,013_2016-03-30_Paris,16
NoXI,013_2016-03-30_Paris,17
NoXI,013_2016-03-30_Paris,18
NoXI,013_2016-03-30_Paris,19
NoXI,013_2016-03-30_Paris,2
NoXI,013_2016-03-30_Paris,20
NoXI,013_2016-03-30_Paris,21
NoXI,013_2016-03-30_Paris,22
NoXI,013_2016-03-30_Paris,23
NoXI,013_2016-03-30_Paris,24
NoXI,013_2016-03-30_Paris,25
NoXI,013_2016-03-30_Paris,26
NoXI,013_2016-03-30_Paris,27
NoXI,013_2016-03-30_Paris,28
NoXI,013_2016-03-30_Paris,29
NoXI,013_2016-03-30_Paris,3
NoXI,013_2016-03-30_Paris,30
NoXI,013_2016-03-30_Paris,31
NoXI,013_2016-03-30_Paris,32
NoXI,013_2016-03-30_Paris,33
NoXI,013_2016-03-30_Paris,34
NoXI,013_2016-03-30_Paris,35
NoXI,013_2016-03-30_Paris,36
NoXI,013_2016-03-30_Paris,37
NoXI,013_2016-03-30_Paris,38
NoXI,013_2016-03-30_Paris,39
NoXI,013_2016-03-30_Paris,4
NoXI,013_2016-03-30_Paris,40
NoXI,013_2016-03-30_Paris,41
NoXI,013_2016-03-30_Paris,42
NoXI,013_2016-03-30_Paris,43
NoXI,013_2016-03-30_Paris,44
NoXI,013_2016-03-30_Paris,45
NoXI,013_2016-03-30_Paris,5
NoXI,013_2016-03-30_Paris,6
NoXI,013_2016-03-30_Paris,7
NoXI,013_2016-03-30_Paris,8
NoXI,013_2016-03-30_Paris,9
NoXI,014_2016-04-01_Paris,1
NoXI,014_2016-04-01_Paris,10
NoXI,014_2016-04-01_Paris,11
NoXI,014_2016-04-01_Paris,12
NoXI,014_2016-04-01_Paris,13
NoXI,014_2016-04-01_Paris,14
NoXI,014_2016-04-01_Paris,15
NoXI,014_2016-04-01_Paris,16
NoXI,014_2016-04-01_Paris,17
NoXI,014_2016-04-01_Paris,18
NoXI,014_2016-04-01_Paris,19
NoXI,014_2016-04-01_Paris,2
NoXI,014_2016-04-01_Paris,20
NoXI,014_2016-04-01_Paris,21
NoXI,014_2016-04-01_Paris,22
NoXI,014_2016-04-01_Paris,23
NoXI,014_2016-04-01_Paris,24
NoXI,014_2016-04-01_Paris,25
NoXI,014_2016-04-01_Paris,26
NoXI,014_2016-04-01_Paris,27
NoXI,014_2016-04-01_Paris,28
NoXI,014_2016-04-01_Paris,29
NoXI,014_2016-04-01_Paris,3
NoXI,014_2016-04-01_Paris,30
NoXI,014_2016-04-01_Paris,31
NoXI,014_2016-04-01_Paris,32
NoXI,014_2016-04-01_Paris,33
NoXI,014_2016-04-01_Paris,34
NoXI,014_2016-04-01_Paris,35
NoXI,014_2016-04-01_Paris,4
NoXI,014_2016-04-01_Paris,5
NoXI,014_2016-04-01_Paris,6
NoXI,014_2016-04-01_Paris,7
NoXI,014_2016-04-01_Paris,8
NoXI,014_2016-04-01_Paris,9
NoXI,015_2016-04-05_Paris,1
NoXI,015_2016-04-05_Paris,10
NoXI,015_2016-04-05_Paris,11
NoXI,015_2016-04-05_Paris,12
NoXI,015_2016-04-05_Paris,13
NoXI,015_2016-04-05_Paris,14
NoXI,015_2016-04-05_Paris,15
NoXI,015_2016-04-05_Paris,16
NoXI,015_2016-04-05_Paris,17
NoXI,015_2016-04-05_Paris,18
NoXI,015_2016-04-05_Paris,19
NoXI,015_2016-04-05_Paris,2
NoXI,015_2016-04-05_Paris,20
NoXI,015_2016-04-05_Paris,21
NoXI,015_2016-04-05_Paris,22
NoXI,015_2016-04-05_Paris,23
NoXI,015_2016-04-05_Paris,24
NoXI,015_2016-04-05_Paris,25
NoXI,015_2016-04-05_Paris,26
NoXI,015_2016-04-05_Paris,27
NoXI,015_2016-04-05_Paris,28
NoXI,015_2016-04-05_Paris,29
NoXI,015_2016-04-05_Paris,3
NoXI,015_2016-04-05_Paris,30
NoXI,015_2016-04-05_Paris,31
NoXI,015_2016-04-05_Paris,32
NoXI,015_2016-04-05_Paris,33
NoXI,015_2016-04-05_Paris,34
NoXI,015_2016-04-05_Paris,35
NoXI,015_2016-04-05_Paris,36
NoXI,015_2016-04-05_Paris,37
NoXI,015_2016-04-05_Paris,38
NoXI,015_2016-04-05_Paris,39
NoXI,015_2016-04-05_Paris,4
NoXI,015_2016-04-05_Paris,40
NoXI,015_2016-04-05_Paris,41
NoXI,015_2016-04-05_Paris,42
NoXI,015_2016-04-05_Paris,5
NoXI,015_2016-04-05_Paris,6
NoXI,015_2016-04-05_Paris,7
NoXI,015_2016-04-05_Paris,8
NoXI,015_2016-04-05_Paris,9
NoXI,016_2016-04-05_Paris,1
NoXI,016_2016-04-05_Paris,10
NoXI,016_2016-04-05_Paris,11
NoXI,016_2016-04-05_Paris,12
NoXI,016_2016-04-05_Paris,13
NoXI,016_2016-04-05_Paris,14
NoXI,016_2016-04-05_Paris,15
NoXI,016_2016-04-05_Paris,2
NoXI,016_2016-04-05_Paris,3
NoXI,016_2016-04-05_Paris,4
NoXI,016_2016-04-05_Paris,5
NoXI,016_2016-04-05_Paris,6
NoXI,016_2016-04-05_Paris,7
NoXI,016_2016-04-05_Paris,8
NoXI,016_2016-04-05_Paris,9
NoXI,017_2016-04-05_Paris,1
NoXI,017_2016-04-05_Paris,10
NoXI,017_2016-04-05_Paris,11
NoXI,017_2016-04-05_Paris,12
NoXI,017_2016-04-05_Paris,13
NoXI,017_2016-04-05_Paris,14
NoXI,017_2016-04-05_Paris,15
NoXI,017_2016-04-05_Paris,16
NoXI,017_2016-04-05_Paris,17
NoXI,017_2016-04-05_Paris,18
NoXI,017_2016-04-05_Paris,19
NoXI,017_2016-04-05_Paris,2
NoXI,017_2016-04-05_Paris,20
NoXI,017_2016-04-05_Paris,21
NoXI,017_2016-04-05_Paris,22
NoXI,017_2016-04-05_Paris,23
NoXI,017_2016-04-05_Paris,24
NoXI,017_2016-04-05_Paris,25
NoXI,017_2016-04-05_Paris,26
NoXI,017_2016-04-05_Paris,27
NoXI,017_2016-04-05_Paris,28
NoXI,017_2016-04-05_Paris,29
NoXI,017_2016-04-05_Paris,3
NoXI,017_2016-04-05_Paris,30
NoXI,017_2016-04-05_Paris,31
NoXI,017_2016-04-05_Paris,32
NoXI,017_2016-04-05_Paris,4
NoXI,017_2016-04-05_Paris,5
NoXI,017_2016-04-05_Paris,6
NoXI,017_2016-04-05_Paris,7
NoXI,017_2016-04-05_Paris,8
NoXI,017_2016-04-05_Paris,9
NoXI,018_2016-04-18_Paris,1
NoXI,018_2016-04-18_Paris,10
NoXI,018_2016-04-18_Paris,11
NoXI,018_2016-04-18_Paris,12
NoXI,018_2016-04-18_Paris,13
NoXI,018_2016-04-18_Paris,14
NoXI,018_2016-04-18_Paris,15
NoXI,018_2016-04-18_Paris,16
NoXI,018_2016-04-18_Paris,17
NoXI,018_2016-04-18_Paris,18
NoXI,018_2016-04-18_Paris,19
NoXI,018_2016-04-18_Paris,2
NoXI,018_2016-04-18_Paris,20
NoXI,018_2016-04-18_Paris,21
NoXI,018_2016-04-18_Paris,22
NoXI,018_2016-04-18_Paris,23
NoXI,018_2016-04-18_Paris,24
NoXI,018_2016-04-18_Paris,25
NoXI,018_2016-04-18_Paris,26
NoXI,018_2016-04-18_Paris,27
NoXI,018_2016-04-18_Paris,28
NoXI,018_2016-04-18_Paris,29
NoXI,018_2016-04-18_Paris,3
NoXI,018_2016-04-18_Paris,30
NoXI,018_2016-04-18_Paris,31
NoXI,018_2016-04-18_Paris,32
NoXI,018_2016-04-18_Paris,33
NoXI,018_2016-04-18_Paris,34
NoXI,018_2016-04-18_Paris,35
NoXI,018_2016-04-18_Paris,36
NoXI,018_2016-04-18_Paris,37
NoXI,018_2016-04-18_Paris,38
NoXI,018_2016-04-18_Paris,39
NoXI,018_2016-04-18_Paris,4
NoXI,018_2016-04-18_Paris,40
NoXI,018_2016-04-18_Paris,41
NoXI,018_2016-04-18_Paris,42
NoXI,018_2016-04-18_Paris,43
NoXI,018_2016-04-18_Paris,44
NoXI,018_2016-04-18_Paris,45
NoXI,018_2016-04-18_Paris,46
NoXI,018_2016-04-18_Paris,47
NoXI,018_2016-04-18_Paris,48
NoXI,018_2016-04-18_Paris,49
NoXI,018_2016-04-18_Paris,5
NoXI,018_2016-04-18_Paris,50
NoXI,018_2016-04-18_Paris,51
NoXI,018_2016-04-18_Paris,52
NoXI,018_2016-04-18_Paris,53
NoXI,018_2016-04-18_Paris,54
NoXI,018_2016-04-18_Paris,55
NoXI,018_2016-04-18_Paris,56
NoXI,018_2016-04-18_Paris,57
NoXI,018_2016-04-18_Paris,58
NoXI,018_2016-04-18_Paris,59
NoXI,018_2016-04-18_Paris,6
NoXI,018_2016-04-18_Paris,60
NoXI,018_2016-04-18_Paris,61
NoXI,018_2016-04-18_Paris,62
NoXI,018_2016-04-18_Paris,63
NoXI,018_2016-04-18_Paris,64
NoXI,018_2016-04-18_Paris,65
NoXI,018_2016-04-18_Paris,66
NoXI,018_2016-04-18_Paris,7
NoXI,018_2016-04-18_Paris,8
NoXI,018_2016-04-18_Paris,9
NoXI,019_2016-04-20_Paris,1
NoXI,019_2016-04-20_Paris,10
NoXI,019_2016-04-20_Paris,11
NoXI,019_2016-04-20_Paris,12
NoXI,019_2016-04-20_Paris,13
NoXI,019_2016-04-20_Paris,14
NoXI,019_2016-04-20_Paris,15
NoXI,019_2016-04-20_Paris,16
NoXI,019_2016-04-20_Paris,17
NoXI,019_2016-04-20_Paris,18
NoXI,019_2016-04-20_Paris,19
NoXI,019_2016-04-20_Paris,2
NoXI,019_2016-04-20_Paris,20
NoXI,019_2016-04-20_Paris,21
NoXI,019_2016-04-20_Paris,22
NoXI,019_2016-04-20_Paris,23
NoXI,019_2016-04-20_Paris,24
NoXI,019_2016-04-20_Paris,25
NoXI,019_2016-04-20_Paris,26
NoXI,019_2016-04-20_Paris,27
NoXI,019_2016-04-20_Paris,28
NoXI,019_2016-04-20_Paris,29
NoXI,019_2016-04-20_Paris,3
NoXI,019_2016-04-20_Paris,30
NoXI,019_2016-04-20_Paris,31
NoXI,019_2016-04-20_Paris,4
NoXI,019_2016-04-20_Paris,5
NoXI,019_2016-04-20_Paris,6
NoXI,019_2016-04-20_Paris,7
NoXI,019_2016-04-20_Paris,8
NoXI,019_2016-04-20_Paris,9
NoXI,020_2016-04-21_Paris,1
NoXI,020_2016-04-21_Paris,10
NoXI,020_2016-04-21_Paris,11
NoXI,020_2016-04-21_Paris,12
NoXI,020_2016-04-21_Paris,13
NoXI,020_2016-04-21_Paris,14
NoXI,020_2016-04-21_Paris,15
NoXI,020_2016-04-21_Paris,16
NoXI,020_2016-04-21_Paris,17
NoXI,020_2016-04-21_Paris,18
NoXI,020_2016-04-21_Paris,19
NoXI,020_2016-04-21_Paris,2
NoXI,020_2016-04-21_Paris,20
NoXI,020_2016-04-21_Paris,21
NoXI,020_2016-04-21_Paris,22
NoXI,020_2016-04-21_Paris,3
NoXI,020_2016-04-21_Paris,4
NoXI,020_2016-04-21_Paris,5
NoXI,020_2016-04-21_Paris,6
NoXI,020_2016-04-21_Paris,7
NoXI,020_2016-04-21_Paris,8
NoXI,020_2016-04-21_Paris,9
NoXI,021_2016-04-25_Paris,1
NoXI,021_2016-04-25_Paris,10
NoXI,021_2016-04-25_Paris,11
NoXI,021_2016-04-25_Paris,12
NoXI,021_2016-04-25_Paris,13
NoXI,021_2016-04-25_Paris,14
NoXI,021_2016-04-25_Paris,15
NoXI,021_2016-04-25_Paris,16
NoXI,021_2016-04-25_Paris,17
NoXI,021_2016-04-25_Paris,18
NoXI,021_2016-04-25_Paris,19
NoXI,021_2016-04-25_Paris,2
NoXI,021_2016-04-25_Paris,20
NoXI,021_2016-04-25_Paris,21
NoXI,021_2016-04-25_Paris,22
NoXI,021_2016-04-25_Paris,23
NoXI,021_2016-04-25_Paris,24
NoXI,021_2016-04-25_Paris,25
NoXI,021_2016-04-25_Paris,26
NoXI,021_2016-04-25_Paris,27
NoXI,021_2016-04-25_Paris,28
NoXI,021_2016-04-25_Paris,3
NoXI,021_2016-04-25_Paris,4
NoXI,021_2016-04-25_Paris,5
NoXI,021_2016-04-25_Paris,6
NoXI,021_2016-04-25_Paris,7
NoXI,021_2016-04-25_Paris,8
NoXI,021_2016-04-25_Paris,9
NoXI,022_2016-04-25_Paris,1
NoXI,022_2016-04-25_Paris,10
NoXI,022_2016-04-25_Paris,11
NoXI,022_2016-04-25_Paris,12
NoXI,022_2016-04-25_Paris,13
NoXI,022_2016-04-25_Paris,14
NoXI,022_2016-04-25_Paris,15
NoXI,022_2016-04-25_Paris,16
NoXI,022_2016-04-25_Paris,17
NoXI,022_2016-04-25_Paris,18
NoXI,022_2016-04-25_Paris,19
NoXI,022_2016-04-25_Paris,2
NoXI,022_2016-04-25_Paris,20
NoXI,022_2016-04-25_Paris,21
NoXI,022_2016-04-25_Paris,22
NoXI,022_2016-04-25_Paris,23
NoXI,022_2016-04-25_Paris,24
NoXI,022_2016-04-25_Paris,25
NoXI,022_2016-04-25_Paris,26
NoXI,022_2016-04-25_Paris,27
NoXI,022_2016-04-25_Paris,28
NoXI,022_2016-04-25_Paris,29
NoXI,022_2016-04-25_Paris,3
NoXI,022_2016-04-25_Paris,30
NoXI,022_2016-04-25_Paris,31
NoXI,022_2016-04-25_Paris,32
NoXI,022_2016-04-25_Paris,33
NoXI,022_2016-04-25_Paris,34
NoXI,022_2016-04-25_Paris,35
NoXI,022_2016-04-25_Paris,4
NoXI,022_2016-04-25_Paris,5
NoXI,022_2016-04-25_Paris,6
NoXI,022_2016-04-25_Paris,7
NoXI,022_2016-04-25_Paris,8
NoXI,022_2016-04-25_Paris,9
NoXI,023_2016-04-25_Paris,1
NoXI,023_2016-04-25_Paris,10
NoXI,023_2016-04-25_Paris,11
NoXI,023_2016-04-25_Paris,12
NoXI,023_2016-04-25_Paris,13
NoXI,023_2016-04-25_Paris,14
NoXI,023_2016-04-25_Paris,15
NoXI,023_2016-04-25_Paris,16
NoXI,023_2016-04-25_Paris,17
NoXI,023_2016-04-25_Paris,18
NoXI,023_2016-04-25_Paris,19
NoXI,023_2016-04-25_Paris,2
NoXI,023_2016-04-25_Paris,20
NoXI,023_2016-04-25_Paris,21
NoXI,023_2016-04-25_Paris,22
NoXI,023_2016-04-25_Paris,23
NoXI,023_2016-04-25_Paris,24
NoXI,023_2016-04-25_Paris,25
NoXI,023_2016-04-25_Paris,26
NoXI,023_2016-04-25_Paris,27
NoXI,023_2016-04-25_Paris,28
NoXI,023_2016-04-25_Paris,29
NoXI,023_2016-04-25_Paris,3
NoXI,023_2016-04-25_Paris,30
NoXI,023_2016-04-25_Paris,31
NoXI,023_2016-04-25_Paris,32
NoXI,023_2016-04-25_Paris,33
NoXI,023_2016-04-25_Paris,34
NoXI,023_2016-04-25_Paris,35
NoXI,023_2016-04-25_Paris,36
NoXI,023_2016-04-25_Paris,37
NoXI,023_2016-04-25_Paris,38
NoXI,023_2016-04-25_Paris,39
NoXI,023_2016-04-25_Paris,4
NoXI,023_2016-04-25_Paris,40
NoXI,023_2016-04-25_Paris,41
NoXI,023_2016-04-25_Paris,5
NoXI,023_2016-04-25_Paris,6
NoXI,023_2016-04-25_Paris,7
NoXI,023_2016-04-25_Paris,8
NoXI,023_2016-04-25_Paris,9
NoXI,024_2016-04-27_Paris,1
NoXI,024_2016-04-27_Paris,10
NoXI,024_2016-04-27_Paris,11
NoXI,024_2016-04-27_Paris,12
NoXI,024_2016-04-27_Paris,13
NoXI,024_2016-04-27_Paris,14
NoXI,024_2016-04-27_Paris,15
NoXI,024_2016-04-27_Paris,16
NoXI,024_2016-04-27_Paris,17
NoXI,024_2016-04-27_Paris,18
NoXI,024_2016-04-27_Paris,19
NoXI,024_2016-04-27_Paris,2
NoXI,024_2016-04-27_Paris,20
NoXI,024_2016-04-27_Paris,21
NoXI,024_2016-04-27_Paris,22
NoXI,024_2016-04-27_Paris,23
NoXI,024_2016-04-27_Paris,24
NoXI,024_2016-04-27_Paris,25
NoXI,024_2016-04-27_Paris,26
NoXI,024_2016-04-27_Paris,27
NoXI,024_2016-04-27_Paris,28
NoXI,024_2016-04-27_Paris,29
NoXI,024_2016-04-27_Paris,3
NoXI,024_2016-04-27_Paris,30
NoXI,024_2016-04-27_Paris,31
NoXI,024_2016-04-27_Paris,32
NoXI,024_2016-04-27_Paris,33
NoXI,024_2016-04-27_Paris,34
NoXI,024_2016-04-27_Paris,35
NoXI,024_2016-04-27_Paris,36
NoXI,024_2016-04-27_Paris,37
NoXI,024_2016-04-27_Paris,38
NoXI,024_2016-04-27_Paris,39
NoXI,024_2016-04-27_Paris,4
NoXI,024_2016-04-27_Paris,40
NoXI,024_2016-04-27_Paris,41
NoXI,024_2016-04-27_Paris,42
NoXI,024_2016-04-27_Paris,43
NoXI,024_2016-04-27_Paris,44
NoXI,024_2016-04-27_Paris,45
NoXI,024_2016-04-27_Paris,5
NoXI,024_2016-04-27_Paris,6
NoXI,024_2016-04-27_Paris,7
NoXI,024_2016-04-27_Paris,8
NoXI,024_2016-04-27_Paris,9
NoXI,025_2016-04-27_Paris,1
NoXI,025_2016-04-27_Paris,10
NoXI,025_2016-04-27_Paris,11
NoXI,025_2016-04-27_Paris,12
NoXI,025_2016-04-27_Paris,13
NoXI,025_2016-04-27_Paris,14
NoXI,025_2016-04-27_Paris,15
NoXI,025_2016-04-27_Paris,16
NoXI,025_2016-04-27_Paris,17
NoXI,025_2016-04-27_Paris,18
NoXI,025_2016-04-27_Paris,19
NoXI,025_2016-04-27_Paris,2
NoXI,025_2016-04-27_Paris,20
NoXI,025_2016-04-27_Paris,21
NoXI,025_2016-04-27_Paris,22
NoXI,025_2016-04-27_Paris,23
NoXI,025_2016-04-27_Paris,24
NoXI,025_2016-04-27_Paris,25
NoXI,025_2016-04-27_Paris,26
NoXI,025_2016-04-27_Paris,27
NoXI,025_2016-04-27_Paris,28
NoXI,025_2016-04-27_Paris,29
NoXI,025_2016-04-27_Paris,3
NoXI,025_2016-04-27_Paris,30
NoXI,025_2016-04-27_Paris,31
NoXI,025_2016-04-27_Paris,32
NoXI,025_2016-04-27_Paris,33
NoXI,025_2016-04-27_Paris,34
NoXI,025_2016-04-27_Paris,35
NoXI,025_2016-04-27_Paris,36
NoXI,025_2016-04-27_Paris,37
NoXI,025_2016-04-27_Paris,38
NoXI,025_2016-04-27_Paris,39
NoXI,025_2016-04-27_Paris,4
NoXI,025_2016-04-27_Paris,40
NoXI,025_2016-04-27_Paris,41
NoXI,025_2016-04-27_Paris,42
NoXI,025_2016-04-27_Paris,43
NoXI,025_2016-04-27_Paris,44
NoXI,025_2016-04-27_Paris,45
NoXI,025_2016-04-27_Paris,46
NoXI,025_2016-04-27_Paris,5
NoXI,025_2016-04-27_Paris,6
NoXI,025_2016-04-27_Paris,7
NoXI,025_2016-04-27_Paris,8
NoXI,025_2016-04-27_Paris,9
NoXI,026_2016-04-06_Nottingham,1
NoXI,026_2016-04-06_Nottingham,10
NoXI,026_2016-04-06_Nottingham,11
NoXI,026_2016-04-06_Nottingham,12
NoXI,026_2016-04-06_Nottingham,13
NoXI,026_2016-04-06_Nottingham,14
NoXI,026_2016-04-06_Nottingham,15
NoXI,026_2016-04-06_Nottingham,16
NoXI,026_2016-04-06_Nottingham,17
NoXI,026_2016-04-06_Nottingham,18
NoXI,026_2016-04-06_Nottingham,19
NoXI,026_2016-04-06_Nottingham,2
NoXI,026_2016-04-06_Nottingham,20
NoXI,026_2016-04-06_Nottingham,21
NoXI,026_2016-04-06_Nottingham,22
NoXI,026_2016-04-06_Nottingham,23
NoXI,026_2016-04-06_Nottingham,24
NoXI,026_2016-04-06_Nottingham,3
NoXI,026_2016-04-06_Nottingham,4
NoXI,026_2016-04-06_Nottingham,5
NoXI,026_2016-04-06_Nottingham,6
NoXI,026_2016-04-06_Nottingham,7
NoXI,026_2016-04-06_Nottingham,8
NoXI,026_2016-04-06_Nottingham,9
NoXI,027_2016-04-06_Nottingham,1
NoXI,027_2016-04-06_Nottingham,10
NoXI,027_2016-04-06_Nottingham,11
NoXI,027_2016-04-06_Nottingham,12
NoXI,027_2016-04-06_Nottingham,13
NoXI,027_2016-04-06_Nottingham,14
NoXI,027_2016-04-06_Nottingham,15
NoXI,027_2016-04-06_Nottingham,16
NoXI,027_2016-04-06_Nottingham,17
NoXI,027_2016-04-06_Nottingham,18
NoXI,027_2016-04-06_Nottingham,19
NoXI,027_2016-04-06_Nottingham,2
NoXI,027_2016-04-06_Nottingham,20
NoXI,027_2016-04-06_Nottingham,21
NoXI,027_2016-04-06_Nottingham,22
NoXI,027_2016-04-06_Nottingham,3
NoXI,027_2016-04-06_Nottingham,4
NoXI,027_2016-04-06_Nottingham,5
NoXI,027_2016-04-06_Nottingham,6
NoXI,027_2016-04-06_Nottingham,7
NoXI,027_2016-04-06_Nottingham,8
NoXI,027_2016-04-06_Nottingham,9
NoXI,028_2016-04-06_Nottingham,1
NoXI,028_2016-04-06_Nottingham,10
NoXI,028_2016-04-06_Nottingham,11
NoXI,028_2016-04-06_Nottingham,12
NoXI,028_2016-04-06_Nottingham,13
NoXI,028_2016-04-06_Nottingham,14
NoXI,028_2016-04-06_Nottingham,15
NoXI,028_2016-04-06_Nottingham,16
NoXI,028_2016-04-06_Nottingham,17
NoXI,028_2016-04-06_Nottingham,18
NoXI,028_2016-04-06_Nottingham,19
NoXI,028_2016-04-06_Nottingham,2
NoXI,028_2016-04-06_Nottingham,20
NoXI,028_2016-04-06_Nottingham,21
NoXI,028_2016-04-06_Nottingham,22
NoXI,028_2016-04-06_Nottingham,23
NoXI,028_2016-04-06_Nottingham,24
NoXI,028_2016-04-06_Nottingham,25
NoXI,028_2016-04-06_Nottingham,26
NoXI,028_2016-04-06_Nottingham,27
NoXI,028_2016-04-06_Nottingham,28
NoXI,028_2016-04-06_Nottingham,29
NoXI,028_2016-04-06_Nottingham,3
NoXI,028_2016-04-06_Nottingham,30
NoXI,028_2016-04-06_Nottingham,31
NoXI,028_2016-04-06_Nottingham,32
NoXI,028_2016-04-06_Nottingham,33
NoXI,028_2016-04-06_Nottingham,34
NoXI,028_2016-04-06_Nottingham,35
NoXI,028_2016-04-06_Nottingham,36
NoXI,028_2016-04-06_Nottingham,37
NoXI,028_2016-04-06_Nottingham,38
NoXI,028_2016-04-06_Nottingham,4
NoXI,028_2016-04-06_Nottingham,5
NoXI,028_2016-04-06_Nottingham,6
NoXI,028_2016-04-06_Nottingham,7
NoXI,028_2016-04-06_Nottingham,8
NoXI,028_2016-04-06_Nottingham,9
NoXI,029_2016-04-06_Nottingham,1
NoXI,029_2016-04-06_Nottingham,10
NoXI,029_2016-04-06_Nottingham,11
NoXI,029_2016-04-06_Nottingham,12
NoXI,029_2016-04-06_Nottingham,13
NoXI,029_2016-04-06_Nottingham,14
NoXI,029_2016-04-06_Nottingham,15
NoXI,029_2016-04-06_Nottingham,16
NoXI,029_2016-04-06_Nottingham,17
NoXI,029_2016-04-06_Nottingham,18
NoXI,029_2016-04-06_Nottingham,19
NoXI,029_2016-04-06_Nottingham,2
NoXI,029_2016-04-06_Nottingham,20
NoXI,029_2016-04-06_Nottingham,21
NoXI,029_2016-04-06_Nottingham,22
NoXI,029_2016-04-06_Nottingham,23
NoXI,029_2016-04-06_Nottingham,24
NoXI,029_2016-04-06_Nottingham,25
NoXI,029_2016-04-06_Nottingham,26
NoXI,029_2016-04-06_Nottingham,27
NoXI,029_2016-04-06_Nottingham,3
NoXI,029_2016-04-06_Nottingham,4
NoXI,029_2016-04-06_Nottingham,5
NoXI,029_2016-04-06_Nottingham,6
NoXI,029_2016-04-06_Nottingham,7
NoXI,029_2016-04-06_Nottingham,8
NoXI,029_2016-04-06_Nottingham,9
NoXI,030_2016-04-06_Nottingham,1
NoXI,030_2016-04-06_Nottingham,10
NoXI,030_2016-04-06_Nottingham,11
NoXI,030_2016-04-06_Nottingham,12
NoXI,030_2016-04-06_Nottingham,13
NoXI,030_2016-04-06_Nottingham,14
NoXI,030_2016-04-06_Nottingham,15
NoXI,030_2016-04-06_Nottingham,16
NoXI,030_2016-04-06_Nottingham,17
NoXI,030_2016-04-06_Nottingham,18
NoXI,030_2016-04-06_Nottingham,19
NoXI,030_2016-04-06_Nottingham,2
NoXI,030_2016-04-06_Nottingham,20
NoXI,030_2016-04-06_Nottingham,21
NoXI,030_2016-04-06_Nottingham,3
NoXI,030_2016-04-06_Nottingham,4
NoXI,030_2016-04-06_Nottingham,5
NoXI,030_2016-04-06_Nottingham,6
NoXI,030_2016-04-06_Nottingham,7
NoXI,030_2016-04-06_Nottingham,8
NoXI,030_2016-04-06_Nottingham,9
NoXI,032_2016-04-07_Nottingham,1
NoXI,032_2016-04-07_Nottingham,10
NoXI,032_2016-04-07_Nottingham,11
NoXI,032_2016-04-07_Nottingham,12
NoXI,032_2016-04-07_Nottingham,13
NoXI,032_2016-04-07_Nottingham,14
NoXI,032_2016-04-07_Nottingham,15
NoXI,032_2016-04-07_Nottingham,16
NoXI,032_2016-04-07_Nottingham,17
NoXI,032_2016-04-07_Nottingham,18
NoXI,032_2016-04-07_Nottingham,19
NoXI,032_2016-04-07_Nottingham,2
NoXI,032_2016-04-07_Nottingham,20
NoXI,032_2016-04-07_Nottingham,21
NoXI,032_2016-04-07_Nottingham,22
NoXI,032_2016-04-07_Nottingham,23
NoXI,032_2016-04-07_Nottingham,24
NoXI,032_2016-04-07_Nottingham,25
NoXI,032_2016-04-07_Nottingham,26
NoXI,032_2016-04-07_Nottingham,27
NoXI,032_2016-04-07_Nottingham,28
NoXI,032_2016-04-07_Nottingham,29
NoXI,032_2016-04-07_Nottingham,3
NoXI,032_2016-04-07_Nottingham,30
NoXI,032_2016-04-07_Nottingham,31
NoXI,032_2016-04-07_Nottingham,32
NoXI,032_2016-04-07_Nottingham,33
NoXI,032_2016-04-07_Nottingham,34
NoXI,032_2016-04-07_Nottingham,35
NoXI,032_2016-04-07_Nottingham,36
NoXI,032_2016-04-07_Nottingham,37
NoXI,032_2016-04-07_Nottingham,38
NoXI,032_2016-04-07_Nottingham,39
NoXI,032_2016-04-07_Nottingham,4
NoXI,032_2016-04-07_Nottingham,40
NoXI,032_2016-04-07_Nottingham,41
NoXI,032_2016-04-07_Nottingham,42
NoXI,032_2016-04-07_Nottingham,43
NoXI,032_2016-04-07_Nottingham,44
NoXI,032_2016-04-07_Nottingham,45
NoXI,032_2016-04-07_Nottingham,46
NoXI,032_2016-04-07_Nottingham,47
NoXI,032_2016-04-07_Nottingham,48
NoXI,032_2016-04-07_Nottingham,49
NoXI,032_2016-04-07_Nottingham,5
NoXI,032_2016-04-07_Nottingham,6
NoXI,032_2016-04-07_Nottingham,7
NoXI,032_2016-04-07_Nottingham,8
NoXI,032_2016-04-07_Nottingham,9
NoXI,033_2016-04-07_Nottingham,1
NoXI,033_2016-04-07_Nottingham,10
NoXI,033_2016-04-07_Nottingham,11
NoXI,033_2016-04-07_Nottingham,12
NoXI,033_2016-04-07_Nottingham,13
NoXI,033_2016-04-07_Nottingham,14
NoXI,033_2016-04-07_Nottingham,15
NoXI,033_2016-04-07_Nottingham,16
NoXI,033_2016-04-07_Nottingham,17
NoXI,033_2016-04-07_Nottingham,18
NoXI,033_2016-04-07_Nottingham,19
NoXI,033_2016-04-07_Nottingham,2
NoXI,033_2016-04-07_Nottingham,20
NoXI,033_2016-04-07_Nottingham,21
NoXI,033_2016-04-07_Nottingham,22
NoXI,033_2016-04-07_Nottingham,23
NoXI,033_2016-04-07_Nottingham,24
NoXI,033_2016-04-07_Nottingham,25
NoXI,033_2016-04-07_Nottingham,26
NoXI,033_2016-04-07_Nottingham,27
NoXI,033_2016-04-07_Nottingham,28
NoXI,033_2016-04-07_Nottingham,29
NoXI,033_2016-04-07_Nottingham,3
NoXI,033_2016-04-07_Nottingham,30
NoXI,033_2016-04-07_Nottingham,31
NoXI,033_2016-04-07_Nottingham,32
NoXI,033_2016-04-07_Nottingham,33
NoXI,033_2016-04-07_Nottingham,34
NoXI,033_2016-04-07_Nottingham,35
NoXI,033_2016-04-07_Nottingham,4
NoXI,033_2016-04-07_Nottingham,5
NoXI,033_2016-04-07_Nottingham,6
NoXI,033_2016-04-07_Nottingham,7
NoXI,033_2016-04-07_Nottingham,8
NoXI,033_2016-04-07_Nottingham,9
NoXI,034_2016-04-07_Nottingham,1
NoXI,034_2016-04-07_Nottingham,10
NoXI,034_2016-04-07_Nottingham,11
NoXI,034_2016-04-07_Nottingham,12
NoXI,034_2016-04-07_Nottingham,13
NoXI,034_2016-04-07_Nottingham,14
NoXI,034_2016-04-07_Nottingham,15
NoXI,034_2016-04-07_Nottingham,16
NoXI,034_2016-04-07_Nottingham,17
NoXI,034_2016-04-07_Nottingham,18
NoXI,034_2016-04-07_Nottingham,19
NoXI,034_2016-04-07_Nottingham,2
NoXI,034_2016-04-07_Nottingham,20
NoXI,034_2016-04-07_Nottingham,21
NoXI,034_2016-04-07_Nottingham,3
NoXI,034_2016-04-07_Nottingham,4
NoXI,034_2016-04-07_Nottingham,5
NoXI,034_2016-04-07_Nottingham,6
NoXI,034_2016-04-07_Nottingham,7
NoXI,034_2016-04-07_Nottingham,8
NoXI,034_2016-04-07_Nottingham,9
NoXI,035_2016-04-07_Nottingham,1
NoXI,035_2016-04-07_Nottingham,10
NoXI,035_2016-04-07_Nottingham,11
NoXI,035_2016-04-07_Nottingham,12
NoXI,035_2016-04-07_Nottingham,13
NoXI,035_2016-04-07_Nottingham,14
NoXI,035_2016-04-07_Nottingham,15
NoXI,035_2016-04-07_Nottingham,16
NoXI,035_2016-04-07_Nottingham,17
NoXI,035_2016-04-07_Nottingham,18
NoXI,035_2016-04-07_Nottingham,19
NoXI,035_2016-04-07_Nottingham,2
NoXI,035_2016-04-07_Nottingham,20
NoXI,035_2016-04-07_Nottingham,21
NoXI,035_2016-04-07_Nottingham,22
NoXI,035_2016-04-07_Nottingham,23
NoXI,035_2016-04-07_Nottingham,24
NoXI,035_2016-04-07_Nottingham,25
NoXI,035_2016-04-07_Nottingham,26
NoXI,035_2016-04-07_Nottingham,27
NoXI,035_2016-04-07_Nottingham,28
NoXI,035_2016-04-07_Nottingham,29
NoXI,035_2016-04-07_Nottingham,3
NoXI,035_2016-04-07_Nottingham,30
NoXI,035_2016-04-07_Nottingham,31
NoXI,035_2016-04-07_Nottingham,32
NoXI,035_2016-04-07_Nottingham,33
NoXI,035_2016-04-07_Nottingham,34
NoXI,035_2016-04-07_Nottingham,35
NoXI,035_2016-04-07_Nottingham,36
NoXI,035_2016-04-07_Nottingham,37
NoXI,035_2016-04-07_Nottingham,38
NoXI,035_2016-04-07_Nottingham,39
NoXI,035_2016-04-07_Nottingham,4
NoXI,035_2016-04-07_Nottingham,40
NoXI,035_2016-04-07_Nottingham,41
NoXI,035_2016-04-07_Nottingham,42
NoXI,035_2016-04-07_Nottingham,43
NoXI,035_2016-04-07_Nottingham,44
NoXI,035_2016-04-07_Nottingham,45
NoXI,035_2016-04-07_Nottingham,5
NoXI,035_2016-04-07_Nottingham,6
NoXI,035_2016-04-07_Nottingham,7
NoXI,035_2016-04-07_Nottingham,8
NoXI,035_2016-04-07_Nottingham,9
NoXI,036_2016-04-07_Nottingham,1
NoXI,036_2016-04-07_Nottingham,10
NoXI,036_2016-04-07_Nottingham,11
NoXI,036_2016-04-07_Nottingham,12
NoXI,036_2016-04-07_Nottingham,13
NoXI,036_2016-04-07_Nottingham,14
NoXI,036_2016-04-07_Nottingham,15
NoXI,036_2016-04-07_Nottingham,16
NoXI,036_2016-04-07_Nottingham,17
NoXI,036_2016-04-07_Nottingham,18
NoXI,036_2016-04-07_Nottingham,19
NoXI,036_2016-04-07_Nottingham,2
NoXI,036_2016-04-07_Nottingham,20
NoXI,036_2016-04-07_Nottingham,21
NoXI,036_2016-04-07_Nottingham,22
NoXI,036_2016-04-07_Nottingham,23
NoXI,036_2016-04-07_Nottingham,3
NoXI,036_2016-04-07_Nottingham,4
NoXI,036_2016-04-07_Nottingham,5
NoXI,036_2016-04-07_Nottingham,6
NoXI,036_2016-04-07_Nottingham,7
NoXI,036_2016-04-07_Nottingham,8
NoXI,036_2016-04-07_Nottingham,9
NoXI,037_2016-04-07_Nottingham,1
NoXI,037_2016-04-07_Nottingham,10
NoXI,037_2016-04-07_Nottingham,11
NoXI,037_2016-04-07_Nottingham,12
NoXI,037_2016-04-07_Nottingham,13
NoXI,037_2016-04-07_Nottingham,14
NoXI,037_2016-04-07_Nottingham,15
NoXI,037_2016-04-07_Nottingham,16
NoXI,037_2016-04-07_Nottingham,17
NoXI,037_2016-04-07_Nottingham,18
NoXI,037_2016-04-07_Nottingham,19
NoXI,037_2016-04-07_Nottingham,2
NoXI,037_2016-04-07_Nottingham,20
NoXI,037_2016-04-07_Nottingham,21
NoXI,037_2016-04-07_Nottingham,22
NoXI,037_2016-04-07_Nottingham,23
NoXI,037_2016-04-07_Nottingham,24
NoXI,037_2016-04-07_Nottingham,25
NoXI,037_2016-04-07_Nottingham,3
NoXI,037_2016-04-07_Nottingham,4
NoXI,037_2016-04-07_Nottingham,5
NoXI,037_2016-04-07_Nottingham,6
NoXI,037_2016-04-07_Nottingham,7
NoXI,037_2016-04-07_Nottingham,8
NoXI,037_2016-04-07_Nottingham,9
NoXI,038_2016-04-07_Nottingham,1
NoXI,038_2016-04-07_Nottingham,10
NoXI,038_2016-04-07_Nottingham,11
NoXI,038_2016-04-07_Nottingham,12
NoXI,038_2016-04-07_Nottingham,13
NoXI,038_2016-04-07_Nottingham,14
NoXI,038_2016-04-07_Nottingham,15
NoXI,038_2016-04-07_Nottingham,16
NoXI,038_2016-04-07_Nottingham,17
NoXI,038_2016-04-07_Nottingham,18
NoXI,038_2016-04-07_Nottingham,19
NoXI,038_2016-04-07_Nottingham,2
NoXI,038_2016-04-07_Nottingham,20
NoXI,038_2016-04-07_Nottingham,21
NoXI,038_2016-04-07_Nottingham,22
NoXI,038_2016-04-07_Nottingham,23
NoXI,038_2016-04-07_Nottingham,3
NoXI,038_2016-04-07_Nottingham,4
NoXI,038_2016-04-07_Nottingham,5
NoXI,038_2016-04-07_Nottingham,6
NoXI,038_2016-04-07_Nottingham,7
NoXI,038_2016-04-07_Nottingham,8
NoXI,038_2016-04-07_Nottingham,9
NoXI,039_2016-04-07_Nottingham,1
NoXI,039_2016-04-07_Nottingham,10
NoXI,039_2016-04-07_Nottingham,11
NoXI,039_2016-04-07_Nottingham,12
NoXI,039_2016-04-07_Nottingham,13
NoXI,039_2016-04-07_Nottingham,14
NoXI,039_2016-04-07_Nottingham,15
NoXI,039_2016-04-07_Nottingham,16
NoXI,039_2016-04-07_Nottingham,17
NoXI,039_2016-04-07_Nottingham,2
NoXI,039_2016-04-07_Nottingham,3
NoXI,039_2016-04-07_Nottingham,4
NoXI,039_2016-04-07_Nottingham,5
NoXI,039_2016-04-07_Nottingham,6
NoXI,039_2016-04-07_Nottingham,7
NoXI,039_2016-04-07_Nottingham,8
NoXI,039_2016-04-07_Nottingham,9
NoXI,040_2016-04-07_Nottingham,1
NoXI,040_2016-04-07_Nottingham,10
NoXI,040_2016-04-07_Nottingham,11
NoXI,040_2016-04-07_Nottingham,12
NoXI,040_2016-04-07_Nottingham,13
NoXI,040_2016-04-07_Nottingham,14
NoXI,040_2016-04-07_Nottingham,15
NoXI,040_2016-04-07_Nottingham,16
NoXI,040_2016-04-07_Nottingham,17
NoXI,040_2016-04-07_Nottingham,18
NoXI,040_2016-04-07_Nottingham,19
NoXI,040_2016-04-07_Nottingham,2
NoXI,040_2016-04-07_Nottingham,20
NoXI,040_2016-04-07_Nottingham,21
NoXI,040_2016-04-07_Nottingham,22
NoXI,040_2016-04-07_Nottingham,23
NoXI,040_2016-04-07_Nottingham,24
NoXI,040_2016-04-07_Nottingham,25
NoXI,040_2016-04-07_Nottingham,26
NoXI,040_2016-04-07_Nottingham,27
NoXI,040_2016-04-07_Nottingham,28
NoXI,040_2016-04-07_Nottingham,29
NoXI,040_2016-04-07_Nottingham,3
NoXI,040_2016-04-07_Nottingham,30
NoXI,040_2016-04-07_Nottingham,31
NoXI,040_2016-04-07_Nottingham,32
NoXI,040_2016-04-07_Nottingham,33
NoXI,040_2016-04-07_Nottingham,34
NoXI,040_2016-04-07_Nottingham,35
NoXI,040_2016-04-07_Nottingham,4
NoXI,040_2016-04-07_Nottingham,5
NoXI,040_2016-04-07_Nottingham,6
NoXI,040_2016-04-07_Nottingham,7
NoXI,040_2016-04-07_Nottingham,8
NoXI,040_2016-04-07_Nottingham,9
NoXI,041_2016-04-07_Nottingham,1
NoXI,041_2016-04-07_Nottingham,10
NoXI,041_2016-04-07_Nottingham,11
NoXI,041_2016-04-07_Nottingham,12
NoXI,041_2016-04-07_Nottingham,13
NoXI,041_2016-04-07_Nottingham,14
NoXI,041_2016-04-07_Nottingham,15
NoXI,041_2016-04-07_Nottingham,16
NoXI,041_2016-04-07_Nottingham,17
NoXI,041_2016-04-07_Nottingham,18
NoXI,041_2016-04-07_Nottingham,19
NoXI,041_2016-04-07_Nottingham,2
NoXI,041_2016-04-07_Nottingham,20
NoXI,041_2016-04-07_Nottingham,21
NoXI,041_2016-04-07_Nottingham,22
NoXI,041_2016-04-07_Nottingham,23
NoXI,041_2016-04-07_Nottingham,24
NoXI,041_2016-04-07_Nottingham,25
NoXI,041_2016-04-07_Nottingham,26
NoXI,041_2016-04-07_Nottingham,27
NoXI,041_2016-04-07_Nottingham,28
NoXI,041_2016-04-07_Nottingham,29
NoXI,041_2016-04-07_Nottingham,3
NoXI,041_2016-04-07_Nottingham,30
NoXI,041_2016-04-07_Nottingham,31
NoXI,041_2016-04-07_Nottingham,32
NoXI,041_2016-04-07_Nottingham,33
NoXI,041_2016-04-07_Nottingham,34
NoXI,041_2016-04-07_Nottingham,4
NoXI,041_2016-04-07_Nottingham,5
NoXI,041_2016-04-07_Nottingham,6
NoXI,041_2016-04-07_Nottingham,7
NoXI,041_2016-04-07_Nottingham,8
NoXI,041_2016-04-07_Nottingham,9
NoXI,042_2016-04-07_Nottingham,1
NoXI,042_2016-04-07_Nottingham,10
NoXI,042_2016-04-07_Nottingham,11
NoXI,042_2016-04-07_Nottingham,12
NoXI,042_2016-04-07_Nottingham,13
NoXI,042_2016-04-07_Nottingham,14
NoXI,042_2016-04-07_Nottingham,15
NoXI,042_2016-04-07_Nottingham,16
NoXI,042_2016-04-07_Nottingham,17
NoXI,042_2016-04-07_Nottingham,18
NoXI,042_2016-04-07_Nottingham,19
NoXI,042_2016-04-07_Nottingham,2
NoXI,042_2016-04-07_Nottingham,20
NoXI,042_2016-04-07_Nottingham,21
NoXI,042_2016-04-07_Nottingham,22
NoXI,042_2016-04-07_Nottingham,23
NoXI,042_2016-04-07_Nottingham,24
NoXI,042_2016-04-07_Nottingham,3
NoXI,042_2016-04-07_Nottingham,4
NoXI,042_2016-04-07_Nottingham,5
NoXI,042_2016-04-07_Nottingham,6
NoXI,042_2016-04-07_Nottingham,7
NoXI,042_2016-04-07_Nottingham,8
NoXI,042_2016-04-07_Nottingham,9
NoXI,043_2016-04-07_Nottingham,1
NoXI,043_2016-04-07_Nottingham,10
NoXI,043_2016-04-07_Nottingham,11
NoXI,043_2016-04-07_Nottingham,12
NoXI,043_2016-04-07_Nottingham,13
NoXI,043_2016-04-07_Nottingham,14
NoXI,043_2016-04-07_Nottingham,15
NoXI,043_2016-04-07_Nottingham,16
NoXI,043_2016-04-07_Nottingham,17
NoXI,043_2016-04-07_Nottingham,18
NoXI,043_2016-04-07_Nottingham,19
NoXI,043_2016-04-07_Nottingham,2
NoXI,043_2016-04-07_Nottingham,20
NoXI,043_2016-04-07_Nottingham,21
NoXI,043_2016-04-07_Nottingham,3
NoXI,043_2016-04-07_Nottingham,4
NoXI,043_2016-04-07_Nottingham,5
NoXI,043_2016-04-07_Nottingham,6
NoXI,043_2016-04-07_Nottingham,7
NoXI,043_2016-04-07_Nottingham,8
NoXI,043_2016-04-07_Nottingham,9
NoXI,044_2016-04-07_Nottingham,1
NoXI,044_2016-04-07_Nottingham,10
NoXI,044_2016-04-07_Nottingham,11
NoXI,044_2016-04-07_Nottingham,12
NoXI,044_2016-04-07_Nottingham,13
NoXI,044_2016-04-07_Nottingham,14
NoXI,044_2016-04-07_Nottingham,15
NoXI,044_2016-04-07_Nottingham,16
NoXI,044_2016-04-07_Nottingham,17
NoXI,044_2016-04-07_Nottingham,18
NoXI,044_2016-04-07_Nottingham,19
NoXI,044_2016-04-07_Nottingham,2
NoXI,044_2016-04-07_Nottingham,20
NoXI,044_2016-04-07_Nottingham,21
NoXI,044_2016-04-07_Nottingham,22
NoXI,044_2016-04-07_Nottingham,23
NoXI,044_2016-04-07_Nottingham,24
NoXI,044_2016-04-07_Nottingham,25
NoXI,044_2016-04-07_Nottingham,26
NoXI,044_2016-04-07_Nottingham,27
NoXI,044_2016-04-07_Nottingham,28
NoXI,044_2016-04-07_Nottingham,29
NoXI,044_2016-04-07_Nottingham,3
NoXI,044_2016-04-07_Nottingham,30
NoXI,044_2016-04-07_Nottingham,31
NoXI,044_2016-04-07_Nottingham,32
NoXI,044_2016-04-07_Nottingham,33
NoXI,044_2016-04-07_Nottingham,34
NoXI,044_2016-04-07_Nottingham,35
NoXI,044_2016-04-07_Nottingham,36
NoXI,044_2016-04-07_Nottingham,37
NoXI,044_2016-04-07_Nottingham,38
NoXI,044_2016-04-07_Nottingham,39
NoXI,044_2016-04-07_Nottingham,4
NoXI,044_2016-04-07_Nottingham,40
NoXI,044_2016-04-07_Nottingham,41
NoXI,044_2016-04-07_Nottingham,5
NoXI,044_2016-04-07_Nottingham,6
NoXI,044_2016-04-07_Nottingham,7
NoXI,044_2016-04-07_Nottingham,8
NoXI,044_2016-04-07_Nottingham,9
NoXI,045_2016-04-07_Nottingham,1
NoXI,045_2016-04-07_Nottingham,10
NoXI,045_2016-04-07_Nottingham,11
NoXI,045_2016-04-07_Nottingham,12
NoXI,045_2016-04-07_Nottingham,13
NoXI,045_2016-04-07_Nottingham,14
NoXI,045_2016-04-07_Nottingham,15
NoXI,045_2016-04-07_Nottingham,16
NoXI,045_2016-04-07_Nottingham,17
NoXI,045_2016-04-07_Nottingham,18
NoXI,045_2016-04-07_Nottingham,19
NoXI,045_2016-04-07_Nottingham,2
NoXI,045_2016-04-07_Nottingham,20
NoXI,045_2016-04-07_Nottingham,21
NoXI,045_2016-04-07_Nottingham,22
NoXI,045_2016-04-07_Nottingham,23
NoXI,045_2016-04-07_Nottingham,24
NoXI,045_2016-04-07_Nottingham,25
NoXI,045_2016-04-07_Nottingham,26
NoXI,045_2016-04-07_Nottingham,27
NoXI,045_2016-04-07_Nottingham,28
NoXI,045_2016-04-07_Nottingham,29
NoXI,045_2016-04-07_Nottingham,3
NoXI,045_2016-04-07_Nottingham,30
NoXI,045_2016-04-07_Nottingham,31
NoXI,045_2016-04-07_Nottingham,32
NoXI,045_2016-04-07_Nottingham,33
NoXI,045_2016-04-07_Nottingham,34
NoXI,045_2016-04-07_Nottingham,35
NoXI,045_2016-04-07_Nottingham,36
NoXI,045_2016-04-07_Nottingham,37
NoXI,045_2016-04-07_Nottingham,38
NoXI,045_2016-04-07_Nottingham,39
NoXI,045_2016-04-07_Nottingham,4
NoXI,045_2016-04-07_Nottingham,40
NoXI,045_2016-04-07_Nottingham,41
NoXI,045_2016-04-07_Nottingham,42
NoXI,045_2016-04-07_Nottingham,43
NoXI,045_2016-04-07_Nottingham,44
NoXI,045_2016-04-07_Nottingham,45
NoXI,045_2016-04-07_Nottingham,46
NoXI,045_2016-04-07_Nottingham,47
NoXI,045_2016-04-07_Nottingham,48
NoXI,045_2016-04-07_Nottingham,49
NoXI,045_2016-04-07_Nottingham,5
NoXI,045_2016-04-07_Nottingham,50
NoXI,045_2016-04-07_Nottingham,51
NoXI,045_2016-04-07_Nottingham,52
NoXI,045_2016-04-07_Nottingham,53
NoXI,045_2016-04-07_Nottingham,54
NoXI,045_2016-04-07_Nottingham,55
NoXI,045_2016-04-07_Nottingham,56
NoXI,045_2016-04-07_Nottingham,57
NoXI,045_2016-04-07_Nottingham,6
NoXI,045_2016-04-07_Nottingham,7
NoXI,045_2016-04-07_Nottingham,8
NoXI,045_2016-04-07_Nottingham,9
NoXI,046_2016-04-07_Nottingham,1
NoXI,046_2016-04-07_Nottingham,10
NoXI,046_2016-04-07_Nottingham,2
NoXI,046_2016-04-07_Nottingham,3
NoXI,046_2016-04-07_Nottingham,4
NoXI,046_2016-04-07_Nottingham,5
NoXI,046_2016-04-07_Nottingham,6
NoXI,046_2016-04-07_Nottingham,7
NoXI,046_2016-04-07_Nottingham,8
NoXI,046_2016-04-07_Nottingham,9
NoXI,047_2016-04-07_Nottingham,1
NoXI,047_2016-04-07_Nottingham,10
NoXI,047_2016-04-07_Nottingham,11
NoXI,047_2016-04-07_Nottingham,12
NoXI,047_2016-04-07_Nottingham,13
NoXI,047_2016-04-07_Nottingham,14
NoXI,047_2016-04-07_Nottingham,15
NoXI,047_2016-04-07_Nottingham,16
NoXI,047_2016-04-07_Nottingham,17
NoXI,047_2016-04-07_Nottingham,18
NoXI,047_2016-04-07_Nottingham,19
NoXI,047_2016-04-07_Nottingham,2
NoXI,047_2016-04-07_Nottingham,20
NoXI,047_2016-04-07_Nottingham,21
NoXI,047_2016-04-07_Nottingham,22
NoXI,047_2016-04-07_Nottingham,23
NoXI,047_2016-04-07_Nottingham,24
NoXI,047_2016-04-07_Nottingham,25
NoXI,047_2016-04-07_Nottingham,26
NoXI,047_2016-04-07_Nottingham,27
NoXI,047_2016-04-07_Nottingham,28
NoXI,047_2016-04-07_Nottingham,29
NoXI,047_2016-04-07_Nottingham,3
NoXI,047_2016-04-07_Nottingham,30
NoXI,047_2016-04-07_Nottingham,31
NoXI,047_2016-04-07_Nottingham,32
NoXI,047_2016-04-07_Nottingham,33
NoXI,047_2016-04-07_Nottingham,34
NoXI,047_2016-04-07_Nottingham,35
NoXI,047_2016-04-07_Nottingham,36
NoXI,047_2016-04-07_Nottingham,37
NoXI,047_2016-04-07_Nottingham,38
NoXI,047_2016-04-07_Nottingham,39
NoXI,047_2016-04-07_Nottingham,4
NoXI,047_2016-04-07_Nottingham,40
NoXI,047_2016-04-07_Nottingham,41
NoXI,047_2016-04-07_Nottingham,42
NoXI,047_2016-04-07_Nottingham,43
NoXI,047_2016-04-07_Nottingham,5
NoXI,047_2016-04-07_Nottingham,6
NoXI,047_2016-04-07_Nottingham,7
NoXI,047_2016-04-07_Nottingham,8
NoXI,047_2016-04-07_Nottingham,9
NoXI,048_2016-04-12_Nottingham,1
NoXI,048_2016-04-12_Nottingham,10
NoXI,048_2016-04-12_Nottingham,11
NoXI,048_2016-04-12_Nottingham,12
NoXI,048_2016-04-12_Nottingham,13
NoXI,048_2016-04-12_Nottingham,14
NoXI,048_2016-04-12_Nottingham,15
NoXI,048_2016-04-12_Nottingham,16
NoXI,048_2016-04-12_Nottingham,17
NoXI,048_2016-04-12_Nottingham,18
NoXI,048_2016-04-12_Nottingham,19
NoXI,048_2016-04-12_Nottingham,2
NoXI,048_2016-04-12_Nottingham,20
NoXI,048_2016-04-12_Nottingham,21
NoXI,048_2016-04-12_Nottingham,22
NoXI,048_2016-04-12_Nottingham,23
NoXI,048_2016-04-12_Nottingham,24
NoXI,048_2016-04-12_Nottingham,25
NoXI,048_2016-04-12_Nottingham,26
NoXI,048_2016-04-12_Nottingham,27
NoXI,048_2016-04-12_Nottingham,28
NoXI,048_2016-04-12_Nottingham,29
NoXI,048_2016-04-12_Nottingham,3
NoXI,048_2016-04-12_Nottingham,30
NoXI,048_2016-04-12_Nottingham,31
NoXI,048_2016-04-12_Nottingham,32
NoXI,048_2016-04-12_Nottingham,33
NoXI,048_2016-04-12_Nottingham,34
NoXI,048_2016-04-12_Nottingham,4
NoXI,048_2016-04-12_Nottingham,5
NoXI,048_2016-04-12_Nottingham,6
NoXI,048_2016-04-12_Nottingham,7
NoXI,048_2016-04-12_Nottingham,8
NoXI,048_2016-04-12_Nottingham,9
NoXI,049_2016-04-12_Nottingham,1
NoXI,049_2016-04-12_Nottingham,10
NoXI,049_2016-04-12_Nottingham,11
NoXI,049_2016-04-12_Nottingham,12
NoXI,049_2016-04-12_Nottingham,13
NoXI,049_2016-04-12_Nottingham,14
NoXI,049_2016-04-12_Nottingham,15
NoXI,049_2016-04-12_Nottingham,16
NoXI,049_2016-04-12_Nottingham,17
NoXI,049_2016-04-12_Nottingham,18
NoXI,049_2016-04-12_Nottingham,19
NoXI,049_2016-04-12_Nottingham,2
NoXI,049_2016-04-12_Nottingham,20
NoXI,049_2016-04-12_Nottingham,21
NoXI,049_2016-04-12_Nottingham,22
NoXI,049_2016-04-12_Nottingham,23
NoXI,049_2016-04-12_Nottingham,24
NoXI,049_2016-04-12_Nottingham,25
NoXI,049_2016-04-12_Nottingham,26
NoXI,049_2016-04-12_Nottingham,27
NoXI,049_2016-04-12_Nottingham,28
NoXI,049_2016-04-12_Nottingham,29
NoXI,049_2016-04-12_Nottingham,3
NoXI,049_2016-04-12_Nottingham,30
NoXI,049_2016-04-12_Nottingham,31
NoXI,049_2016-04-12_Nottingham,32
NoXI,049_2016-04-12_Nottingham,33
NoXI,049_2016-04-12_Nottingham,34
NoXI,049_2016-04-12_Nottingham,35
NoXI,049_2016-04-12_Nottingham,36
NoXI,049_2016-04-12_Nottingham,37
NoXI,049_2016-04-12_Nottingham,38
NoXI,049_2016-04-12_Nottingham,39
NoXI,049_2016-04-12_Nottingham,4
NoXI,049_2016-04-12_Nottingham,40
NoXI,049_2016-04-12_Nottingham,41
NoXI,049_2016-04-12_Nottingham,42
NoXI,049_2016-04-12_Nottingham,43
NoXI,049_2016-04-12_Nottingham,5
NoXI,049_2016-04-12_Nottingham,6
NoXI,049_2016-04-12_Nottingham,7
NoXI,049_2016-04-12_Nottingham,8
NoXI,049_2016-04-12_Nottingham,9
NoXI,050_2016-04-12_Nottingham,1
NoXI,050_2016-04-12_Nottingham,10
NoXI,050_2016-04-12_Nottingham,11
NoXI,050_2016-04-12_Nottingham,12
NoXI,050_2016-04-12_Nottingham,13
NoXI,050_2016-04-12_Nottingham,14
NoXI,050_2016-04-12_Nottingham,15
NoXI,050_2016-04-12_Nottingham,16
NoXI,050_2016-04-12_Nottingham,17
NoXI,050_2016-04-12_Nottingham,18
NoXI,050_2016-04-12_Nottingham,19
NoXI,050_2016-04-12_Nottingham,2
NoXI,050_2016-04-12_Nottingham,20
NoXI,050_2016-04-12_Nottingham,21
NoXI,050_2016-04-12_Nottingham,22
NoXI,050_2016-04-12_Nottingham,23
NoXI,050_2016-04-12_Nottingham,24
NoXI,050_2016-04-12_Nottingham,25
NoXI,050_2016-04-12_Nottingham,26
NoXI,050_2016-04-12_Nottingham,27
NoXI,050_2016-04-12_Nottingham,28
NoXI,050_2016-04-12_Nottingham,29
NoXI,050_2016-04-12_Nottingham,3
NoXI,050_2016-04-12_Nottingham,30
NoXI,050_2016-04-12_Nottingham,31
NoXI,050_2016-04-12_Nottingham,32
NoXI,050_2016-04-12_Nottingham,33
NoXI,050_2016-04-12_Nottingham,34
NoXI,050_2016-04-12_Nottingham,35
NoXI,050_2016-04-12_Nottingham,36
NoXI,050_2016-04-12_Nottingham,37
NoXI,050_2016-04-12_Nottingham,38
NoXI,050_2016-04-12_Nottingham,39
NoXI,050_2016-04-12_Nottingham,4
NoXI,050_2016-04-12_Nottingham,40
NoXI,050_2016-04-12_Nottingham,41
NoXI,050_2016-04-12_Nottingham,42
NoXI,050_2016-04-12_Nottingham,43
NoXI,050_2016-04-12_Nottingham,44
NoXI,050_2016-04-12_Nottingham,45
NoXI,050_2016-04-12_Nottingham,46
NoXI,050_2016-04-12_Nottingham,5
NoXI,050_2016-04-12_Nottingham,6
NoXI,050_2016-04-12_Nottingham,7
NoXI,050_2016-04-12_Nottingham,8
NoXI,050_2016-04-12_Nottingham,9
NoXI,051_2016-04-12_Nottingham,1
NoXI,051_2016-04-12_Nottingham,10
NoXI,051_2016-04-12_Nottingham,11
NoXI,051_2016-04-12_Nottingham,12
NoXI,051_2016-04-12_Nottingham,13
NoXI,051_2016-04-12_Nottingham,14
NoXI,051_2016-04-12_Nottingham,15
NoXI,051_2016-04-12_Nottingham,16
NoXI,051_2016-04-12_Nottingham,17
NoXI,051_2016-04-12_Nottingham,18
NoXI,051_2016-04-12_Nottingham,19
NoXI,051_2016-04-12_Nottingham,2
NoXI,051_2016-04-12_Nottingham,20
NoXI,051_2016-04-12_Nottingham,21
NoXI,051_2016-04-12_Nottingham,22
NoXI,051_2016-04-12_Nottingham,23
NoXI,051_2016-04-12_Nottingham,24
NoXI,051_2016-04-12_Nottingham,25
NoXI,051_2016-04-12_Nottingham,26
NoXI,051_2016-04-12_Nottingham,27
NoXI,051_2016-04-12_Nottingham,28
NoXI,051_2016-04-12_Nottingham,29
NoXI,051_2016-04-12_Nottingham,3
NoXI,051_2016-04-12_Nottingham,30
NoXI,051_2016-04-12_Nottingham,31
NoXI,051_2016-04-12_Nottingham,32
NoXI,051_2016-04-12_Nottingham,33
NoXI,051_2016-04-12_Nottingham,34
NoXI,051_2016-04-12_Nottingham,35
NoXI,051_2016-04-12_Nottingham,4
NoXI,051_2016-04-12_Nottingham,5
NoXI,051_2016-04-12_Nottingham,6
NoXI,051_2016-04-12_Nottingham,7
NoXI,051_2016-04-12_Nottingham,8
NoXI,051_2016-04-12_Nottingham,9
NoXI,052_2016-04-12_Nottingham,1
NoXI,052_2016-04-12_Nottingham,10
NoXI,052_2016-04-12_Nottingham,11
NoXI,052_2016-04-12_Nottingham,12
NoXI,052_2016-04-12_Nottingham,13
NoXI,052_2016-04-12_Nottingham,14
NoXI,052_2016-04-12_Nottingham,15
NoXI,052_2016-04-12_Nottingham,16
NoXI,052_2016-04-12_Nottingham,17
NoXI,052_2016-04-12_Nottingham,18
NoXI,052_2016-04-12_Nottingham,19
NoXI,052_2016-04-12_Nottingham,2
NoXI,052_2016-04-12_Nottingham,3
NoXI,052_2016-04-12_Nottingham,4
NoXI,052_2016-04-12_Nottingham,5
NoXI,052_2016-04-12_Nottingham,6
NoXI,052_2016-04-12_Nottingham,7
NoXI,052_2016-04-12_Nottingham,8
NoXI,052_2016-04-12_Nottingham,9
NoXI,053_2016-04-12_Nottingham,1
NoXI,053_2016-04-12_Nottingham,10
NoXI,053_2016-04-12_Nottingham,11
NoXI,053_2016-04-12_Nottingham,12
NoXI,053_2016-04-12_Nottingham,13
NoXI,053_2016-04-12_Nottingham,14
NoXI,053_2016-04-12_Nottingham,15
NoXI,053_2016-04-12_Nottingham,16
NoXI,053_2016-04-12_Nottingham,17
NoXI,053_2016-04-12_Nottingham,18
NoXI,053_2016-04-12_Nottingham,19
NoXI,053_2016-04-12_Nottingham,2
NoXI,053_2016-04-12_Nottingham,3
NoXI,053_2016-04-12_Nottingham,4
NoXI,053_2016-04-12_Nottingham,5
NoXI,053_2016-04-12_Nottingham,6
NoXI,053_2016-04-12_Nottingham,7
NoXI,053_2016-04-12_Nottingham,8
NoXI,053_2016-04-12_Nottingham,9
NoXI,054_2016-04-12_Nottingham,1
NoXI,054_2016-04-12_Nottingham,10
NoXI,054_2016-04-12_Nottingham,11
NoXI,054_2016-04-12_Nottingham,12
NoXI,054_2016-04-12_Nottingham,13
NoXI,054_2016-04-12_Nottingham,14
NoXI,054_2016-04-12_Nottingham,15
NoXI,054_2016-04-12_Nottingham,16
NoXI,054_2016-04-12_Nottingham,17
NoXI,054_2016-04-12_Nottingham,18
NoXI,054_2016-04-12_Nottingham,19
NoXI,054_2016-04-12_Nottingham,2
NoXI,054_2016-04-12_Nottingham,20
NoXI,054_2016-04-12_Nottingham,21
NoXI,054_2016-04-12_Nottingham,22
NoXI,054_2016-04-12_Nottingham,23
NoXI,054_2016-04-12_Nottingham,24
NoXI,054_2016-04-12_Nottingham,25
NoXI,054_2016-04-12_Nottingham,26
NoXI,054_2016-04-12_Nottingham,27
NoXI,054_2016-04-12_Nottingham,28
NoXI,054_2016-04-12_Nottingham,29
NoXI,054_2016-04-12_Nottingham,3
NoXI,054_2016-04-12_Nottingham,30
NoXI,054_2016-04-12_Nottingham,31
NoXI,054_2016-04-12_Nottingham,32
NoXI,054_2016-04-12_Nottingham,33
NoXI,054_2016-04-12_Nottingham,34
NoXI,054_2016-04-12_Nottingham,35
NoXI,054_2016-04-12_Nottingham,36
NoXI,054_2016-04-12_Nottingham,37
NoXI,054_2016-04-12_Nottingham,38
NoXI,054_2016-04-12_Nottingham,39
NoXI,054_2016-04-12_Nottingham,4
NoXI,054_2016-04-12_Nottingham,40
NoXI,054_2016-04-12_Nottingham,41
NoXI,054_2016-04-12_Nottingham,42
NoXI,054_2016-04-12_Nottingham,43
NoXI,054_2016-04-12_Nottingham,44
NoXI,054_2016-04-12_Nottingham,45
NoXI,054_2016-04-12_Nottingham,46
NoXI,054_2016-04-12_Nottingham,47
NoXI,054_2016-04-12_Nottingham,48
NoXI,054_2016-04-12_Nottingham,49
NoXI,054_2016-04-12_Nottingham,5
NoXI,054_2016-04-12_Nottingham,50
NoXI,054_2016-04-12_Nottingham,51
NoXI,054_2016-04-12_Nottingham,52
NoXI,054_2016-04-12_Nottingham,53
NoXI,054_2016-04-12_Nottingham,6
NoXI,054_2016-04-12_Nottingham,7
NoXI,054_2016-04-12_Nottingham,8
NoXI,054_2016-04-12_Nottingham,9
NoXI,055_2016-04-14_Nottingham,1
NoXI,055_2016-04-14_Nottingham,10
NoXI,055_2016-04-14_Nottingham,11
NoXI,055_2016-04-14_Nottingham,12
NoXI,055_2016-04-14_Nottingham,13
NoXI,055_2016-04-14_Nottingham,14
NoXI,055_2016-04-14_Nottingham,15
NoXI,055_2016-04-14_Nottingham,16
NoXI,055_2016-04-14_Nottingham,17
NoXI,055_2016-04-14_Nottingham,18
NoXI,055_2016-04-14_Nottingham,19
NoXI,055_2016-04-14_Nottingham,2
NoXI,055_2016-04-14_Nottingham,20
NoXI,055_2016-04-14_Nottingham,21
NoXI,055_2016-04-14_Nottingham,22
NoXI,055_2016-04-14_Nottingham,23
NoXI,055_2016-04-14_Nottingham,24
NoXI,055_2016-04-14_Nottingham,25
NoXI,055_2016-04-14_Nottingham,26
NoXI,055_2016-04-14_Nottingham,27
NoXI,055_2016-04-14_Nottingham,28
NoXI,055_2016-04-14_Nottingham,29
NoXI,055_2016-04-14_Nottingham,3
NoXI,055_2016-04-14_Nottingham,4
NoXI,055_2016-04-14_Nottingham,5
NoXI,055_2016-04-14_Nottingham,6
NoXI,055_2016-04-14_Nottingham,7
NoXI,055_2016-04-14_Nottingham,8
NoXI,055_2016-04-14_Nottingham,9
NoXI,056_2016-04-14_Nottingham,1
NoXI,056_2016-04-14_Nottingham,10
NoXI,056_2016-04-14_Nottingham,11
NoXI,056_2016-04-14_Nottingham,12
NoXI,056_2016-04-14_Nottingham,13
NoXI,056_2016-04-14_Nottingham,14
NoXI,056_2016-04-14_Nottingham,15
NoXI,056_2016-04-14_Nottingham,16
NoXI,056_2016-04-14_Nottingham,17
NoXI,056_2016-04-14_Nottingham,18
NoXI,056_2016-04-14_Nottingham,19
NoXI,056_2016-04-14_Nottingham,2
NoXI,056_2016-04-14_Nottingham,20
NoXI,056_2016-04-14_Nottingham,21
NoXI,056_2016-04-14_Nottingham,22
NoXI,056_2016-04-14_Nottingham,23
NoXI,056_2016-04-14_Nottingham,24
NoXI,056_2016-04-14_Nottingham,25
NoXI,056_2016-04-14_Nottingham,26
NoXI,056_2016-04-14_Nottingham,27
NoXI,056_2016-04-14_Nottingham,28
NoXI,056_2016-04-14_Nottingham,29
NoXI,056_2016-04-14_Nottingham,3
NoXI,056_2016-04-14_Nottingham,4
NoXI,056_2016-04-14_Nottingham,5
NoXI,056_2016-04-14_Nottingham,6
NoXI,056_2016-04-14_Nottingham,7
NoXI,056_2016-04-14_Nottingham,8
NoXI,056_2016-04-14_Nottingham,9
NoXI,057_2016-04-14_Nottingham,1
NoXI,057_2016-04-14_Nottingham,10
NoXI,057_2016-04-14_Nottingham,11
NoXI,057_2016-04-14_Nottingham,12
NoXI,057_2016-04-14_Nottingham,13
NoXI,057_2016-04-14_Nottingham,14
NoXI,057_2016-04-14_Nottingham,15
NoXI,057_2016-04-14_Nottingham,16
NoXI,057_2016-04-14_Nottingham,17
NoXI,057_2016-04-14_Nottingham,18
NoXI,057_2016-04-14_Nottingham,19
NoXI,057_2016-04-14_Nottingham,2
NoXI,057_2016-04-14_Nottingham,20
NoXI,057_2016-04-14_Nottingham,21
NoXI,057_2016-04-14_Nottingham,22
NoXI,057_2016-04-14_Nottingham,23
NoXI,057_2016-04-14_Nottingham,24
NoXI,057_2016-04-14_Nottingham,25
NoXI,057_2016-04-14_Nottingham,26
NoXI,057_2016-04-14_Nottingham,27
NoXI,057_2016-04-14_Nottingham,28
NoXI,057_2016-04-14_Nottingham,29
NoXI,057_2016-04-14_Nottingham,3
NoXI,057_2016-04-14_Nottingham,30
NoXI,057_2016-04-14_Nottingham,31
NoXI,057_2016-04-14_Nottingham,32
NoXI,057_2016-04-14_Nottingham,33
NoXI,057_2016-04-14_Nottingham,4
NoXI,057_2016-04-14_Nottingham,5
NoXI,057_2016-04-14_Nottingham,6
NoXI,057_2016-04-14_Nottingham,7
NoXI,057_2016-04-14_Nottingham,8
NoXI,057_2016-04-14_Nottingham,9
NoXI,058_2016-04-14_Nottingham,1
NoXI,058_2016-04-14_Nottingham,10
NoXI,058_2016-04-14_Nottingham,11
NoXI,058_2016-04-14_Nottingham,12
NoXI,058_2016-04-14_Nottingham,13
NoXI,058_2016-04-14_Nottingham,14
NoXI,058_2016-04-14_Nottingham,15
NoXI,058_2016-04-14_Nottingham,16
NoXI,058_2016-04-14_Nottingham,17
NoXI,058_2016-04-14_Nottingham,18
NoXI,058_2016-04-14_Nottingham,19
NoXI,058_2016-04-14_Nottingham,2
NoXI,058_2016-04-14_Nottingham,20
NoXI,058_2016-04-14_Nottingham,21
NoXI,058_2016-04-14_Nottingham,22
NoXI,058_2016-04-14_Nottingham,23
NoXI,058_2016-04-14_Nottingham,24
NoXI,058_2016-04-14_Nottingham,25
NoXI,058_2016-04-14_Nottingham,26
NoXI,058_2016-04-14_Nottingham,27
NoXI,058_2016-04-14_Nottingham,28
NoXI,058_2016-04-14_Nottingham,29
NoXI,058_2016-04-14_Nottingham,3
NoXI,058_2016-04-14_Nottingham,30
NoXI,058_2016-04-14_Nottingham,31
NoXI,058_2016-04-14_Nottingham,32
NoXI,058_2016-04-14_Nottingham,33
NoXI,058_2016-04-14_Nottingham,34
NoXI,058_2016-04-14_Nottingham,35
NoXI,058_2016-04-14_Nottingham,36
NoXI,058_2016-04-14_Nottingham,37
NoXI,058_2016-04-14_Nottingham,38
NoXI,058_2016-04-14_Nottingham,39
NoXI,058_2016-04-14_Nottingham,4
NoXI,058_2016-04-14_Nottingham,40
NoXI,058_2016-04-14_Nottingham,41
NoXI,058_2016-04-14_Nottingham,42
NoXI,058_2016-04-14_Nottingham,43
NoXI,058_2016-04-14_Nottingham,44
NoXI,058_2016-04-14_Nottingham,45
NoXI,058_2016-04-14_Nottingham,46
NoXI,058_2016-04-14_Nottingham,47
NoXI,058_2016-04-14_Nottingham,48
NoXI,058_2016-04-14_Nottingham,49
NoXI,058_2016-04-14_Nottingham,5
NoXI,058_2016-04-14_Nottingham,50
NoXI,058_2016-04-14_Nottingham,6
NoXI,058_2016-04-14_Nottingham,7
NoXI,058_2016-04-14_Nottingham,8
NoXI,058_2016-04-14_Nottingham,9
NoXI,059_2016-04-14_Nottingham,1
NoXI,059_2016-04-14_Nottingham,10
NoXI,059_2016-04-14_Nottingham,11
NoXI,059_2016-04-14_Nottingham,2
NoXI,059_2016-04-14_Nottingham,3
NoXI,059_2016-04-14_Nottingham,4
NoXI,059_2016-04-14_Nottingham,5
NoXI,059_2016-04-14_Nottingham,6
NoXI,059_2016-04-14_Nottingham,7
NoXI,059_2016-04-14_Nottingham,8
NoXI,059_2016-04-14_Nottingham,9
NoXI,060_2016-04-14_Nottingham,1
NoXI,060_2016-04-14_Nottingham,10
NoXI,060_2016-04-14_Nottingham,11
NoXI,060_2016-04-14_Nottingham,12
NoXI,060_2016-04-14_Nottingham,13
NoXI,060_2016-04-14_Nottingham,14
NoXI,060_2016-04-14_Nottingham,15
NoXI,060_2016-04-14_Nottingham,16
NoXI,060_2016-04-14_Nottingham,17
NoXI,060_2016-04-14_Nottingham,18
NoXI,060_2016-04-14_Nottingham,19
NoXI,060_2016-04-14_Nottingham,2
NoXI,060_2016-04-14_Nottingham,20
NoXI,060_2016-04-14_Nottingham,21
NoXI,060_2016-04-14_Nottingham,22
NoXI,060_2016-04-14_Nottingham,23
NoXI,060_2016-04-14_Nottingham,24
NoXI,060_2016-04-14_Nottingham,25
NoXI,060_2016-04-14_Nottingham,26
NoXI,060_2016-04-14_Nottingham,27
NoXI,060_2016-04-14_Nottingham,28
NoXI,060_2016-04-14_Nottingham,29
NoXI,060_2016-04-14_Nottingham,3
NoXI,060_2016-04-14_Nottingham,30
NoXI,060_2016-04-14_Nottingham,31
NoXI,060_2016-04-14_Nottingham,32
NoXI,060_2016-04-14_Nottingham,33
NoXI,060_2016-04-14_Nottingham,34
NoXI,060_2016-04-14_Nottingham,35
NoXI,060_2016-04-14_Nottingham,36
NoXI,060_2016-04-14_Nottingham,37
NoXI,060_2016-04-14_Nottingham,38
NoXI,060_2016-04-14_Nottingham,39
NoXI,060_2016-04-14_Nottingham,4
NoXI,060_2016-04-14_Nottingham,40
NoXI,060_2016-04-14_Nottingham,41
NoXI,060_2016-04-14_Nottingham,42
NoXI,060_2016-04-14_Nottingham,43
NoXI,060_2016-04-14_Nottingham,44
NoXI,060_2016-04-14_Nottingham,45
NoXI,060_2016-04-14_Nottingham,46
NoXI,060_2016-04-14_Nottingham,47
NoXI,060_2016-04-14_Nottingham,48
NoXI,060_2016-04-14_Nottingham,49
NoXI,060_2016-04-14_Nottingham,5
NoXI,060_2016-04-14_Nottingham,50
NoXI,060_2016-04-14_Nottingham,51
NoXI,060_2016-04-14_Nottingham,52
NoXI,060_2016-04-14_Nottingham,53
NoXI,060_2016-04-14_Nottingham,54
NoXI,060_2016-04-14_Nottingham,55
NoXI,060_2016-04-14_Nottingham,56
NoXI,060_2016-04-14_Nottingham,57
NoXI,060_2016-04-14_Nottingham,6
NoXI,060_2016-04-14_Nottingham,7
NoXI,060_2016-04-14_Nottingham,8
NoXI,060_2016-04-14_Nottingham,9
NoXI,061_2016-04-14_Nottingham,1
NoXI,061_2016-04-14_Nottingham,10
NoXI,061_2016-04-14_Nottingham,11
NoXI,061_2016-04-14_Nottingham,12
NoXI,061_2016-04-14_Nottingham,13
NoXI,061_2016-04-14_Nottingham,14
NoXI,061_2016-04-14_Nottingham,15
NoXI,061_2016-04-14_Nottingham,16
NoXI,061_2016-04-14_Nottingham,17
NoXI,061_2016-04-14_Nottingham,18
NoXI,061_2016-04-14_Nottingham,19
NoXI,061_2016-04-14_Nottingham,2
NoXI,061_2016-04-14_Nottingham,20
NoXI,061_2016-04-14_Nottingham,21
NoXI,061_2016-04-14_Nottingham,22
NoXI,061_2016-04-14_Nottingham,23
NoXI,061_2016-04-14_Nottingham,24
NoXI,061_2016-04-14_Nottingham,25
NoXI,061_2016-04-14_Nottingham,26
NoXI,061_2016-04-14_Nottingham,27
NoXI,061_2016-04-14_Nottingham,28
NoXI,061_2016-04-14_Nottingham,29
NoXI,061_2016-04-14_Nottingham,3
NoXI,061_2016-04-14_Nottingham,30
NoXI,061_2016-04-14_Nottingham,31
NoXI,061_2016-04-14_Nottingham,32
NoXI,061_2016-04-14_Nottingham,33
NoXI,061_2016-04-14_Nottingham,34
NoXI,061_2016-04-14_Nottingham,35
NoXI,061_2016-04-14_Nottingham,36
NoXI,061_2016-04-14_Nottingham,37
NoXI,061_2016-04-14_Nottingham,38
NoXI,061_2016-04-14_Nottingham,39
NoXI,061_2016-04-14_Nottingham,4
NoXI,061_2016-04-14_Nottingham,40
NoXI,061_2016-04-14_Nottingham,41
NoXI,061_2016-04-14_Nottingham,42
NoXI,061_2016-04-14_Nottingham,5
NoXI,061_2016-04-14_Nottingham,6
NoXI,061_2016-04-14_Nottingham,7
NoXI,061_2016-04-14_Nottingham,8
NoXI,061_2016-04-14_Nottingham,9
NoXI,062_2016-04-14_Nottingham,1
NoXI,062_2016-04-14_Nottingham,10
NoXI,062_2016-04-14_Nottingham,11
NoXI,062_2016-04-14_Nottingham,12
NoXI,062_2016-04-14_Nottingham,13
NoXI,062_2016-04-14_Nottingham,14
NoXI,062_2016-04-14_Nottingham,15
NoXI,062_2016-04-14_Nottingham,16
NoXI,062_2016-04-14_Nottingham,17
NoXI,062_2016-04-14_Nottingham,18
NoXI,062_2016-04-14_Nottingham,19
NoXI,062_2016-04-14_Nottingham,2
NoXI,062_2016-04-14_Nottingham,20
NoXI,062_2016-04-14_Nottingham,21
NoXI,062_2016-04-14_Nottingham,22
NoXI,062_2016-04-14_Nottingham,23
NoXI,062_2016-04-14_Nottingham,24
NoXI,062_2016-04-14_Nottingham,25
NoXI,062_2016-04-14_Nottingham,26
NoXI,062_2016-04-14_Nottingham,27
NoXI,062_2016-04-14_Nottingham,28
NoXI,062_2016-04-14_Nottingham,29
NoXI,062_2016-04-14_Nottingham,3
NoXI,062_2016-04-14_Nottingham,30
NoXI,062_2016-04-14_Nottingham,31
NoXI,062_2016-04-14_Nottingham,32
NoXI,062_2016-04-14_Nottingham,33
NoXI,062_2016-04-14_Nottingham,34
NoXI,062_2016-04-14_Nottingham,35
NoXI,062_2016-04-14_Nottingham,36
NoXI,062_2016-04-14_Nottingham,37
NoXI,062_2016-04-14_Nottingham,38
NoXI,062_2016-04-14_Nottingham,39
NoXI,062_2016-04-14_Nottingham,4
NoXI,062_2016-04-14_Nottingham,40
NoXI,062_2016-04-14_Nottingham,41
NoXI,062_2016-04-14_Nottingham,42
NoXI,062_2016-04-14_Nottingham,43
NoXI,062_2016-04-14_Nottingham,44
NoXI,062_2016-04-14_Nottingham,45
NoXI,062_2016-04-14_Nottingham,5
NoXI,062_2016-04-14_Nottingham,6
NoXI,062_2016-04-14_Nottingham,7
NoXI,062_2016-04-14_Nottingham,8
NoXI,062_2016-04-14_Nottingham,9
NoXI,063_2016-04-14_Nottingham,1
NoXI,063_2016-04-14_Nottingham,10
NoXI,063_2016-04-14_Nottingham,11
NoXI,063_2016-04-14_Nottingham,12
NoXI,063_2016-04-14_Nottingham,13
NoXI,063_2016-04-14_Nottingham,14
NoXI,063_2016-04-14_Nottingham,15
NoXI,063_2016-04-14_Nottingham,16
NoXI,063_2016-04-14_Nottingham,17
NoXI,063_2016-04-14_Nottingham,18
NoXI,063_2016-04-14_Nottingham,19
NoXI,063_2016-04-14_Nottingham,2
NoXI,063_2016-04-14_Nottingham,20
NoXI,063_2016-04-14_Nottingham,21
NoXI,063_2016-04-14_Nottingham,3
NoXI,063_2016-04-14_Nottingham,4
NoXI,063_2016-04-14_Nottingham,5
NoXI,063_2016-04-14_Nottingham,6
NoXI,063_2016-04-14_Nottingham,7
NoXI,063_2016-04-14_Nottingham,8
NoXI,063_2016-04-14_Nottingham,9
NoXI,064_2016-04-14_Nottingham,1
NoXI,064_2016-04-14_Nottingham,10
NoXI,064_2016-04-14_Nottingham,11
NoXI,064_2016-04-14_Nottingham,12
NoXI,064_2016-04-14_Nottingham,13
NoXI,064_2016-04-14_Nottingham,14
NoXI,064_2016-04-14_Nottingham,15
NoXI,064_2016-04-14_Nottingham,16
NoXI,064_2016-04-14_Nottingham,17
NoXI,064_2016-04-14_Nottingham,18
NoXI,064_2016-04-14_Nottingham,19
NoXI,064_2016-04-14_Nottingham,2
NoXI,064_2016-04-14_Nottingham,20
NoXI,064_2016-04-14_Nottingham,21
NoXI,064_2016-04-14_Nottingham,22
NoXI,064_2016-04-14_Nottingham,3
NoXI,064_2016-04-14_Nottingham,4
NoXI,064_2016-04-14_Nottingham,5
NoXI,064_2016-04-14_Nottingham,6
NoXI,064_2016-04-14_Nottingham,7
NoXI,064_2016-04-14_Nottingham,8
NoXI,064_2016-04-14_Nottingham,9
NoXI,065_2016-04-14_Nottingham,1
NoXI,065_2016-04-14_Nottingham,10
NoXI,065_2016-04-14_Nottingham,11
NoXI,065_2016-04-14_Nottingham,12
NoXI,065_2016-04-14_Nottingham,13
NoXI,065_2016-04-14_Nottingham,14
NoXI,065_2016-04-14_Nottingham,15
NoXI,065_2016-04-14_Nottingham,16
NoXI,065_2016-04-14_Nottingham,17
NoXI,065_2016-04-14_Nottingham,18
NoXI,065_2016-04-14_Nottingham,19
NoXI,065_2016-04-14_Nottingham,2
NoXI,065_2016-04-14_Nottingham,20
NoXI,065_2016-04-14_Nottingham,21
NoXI,065_2016-04-14_Nottingham,22
NoXI,065_2016-04-14_Nottingham,23
NoXI,065_2016-04-14_Nottingham,24
NoXI,065_2016-04-14_Nottingham,25
NoXI,065_2016-04-14_Nottingham,26
NoXI,065_2016-04-14_Nottingham,27
NoXI,065_2016-04-14_Nottingham,28
NoXI,065_2016-04-14_Nottingham,29
NoXI,065_2016-04-14_Nottingham,3
NoXI,065_2016-04-14_Nottingham,30
NoXI,065_2016-04-14_Nottingham,31
NoXI,065_2016-04-14_Nottingham,32
NoXI,065_2016-04-14_Nottingham,33
NoXI,065_2016-04-14_Nottingham,34
NoXI,065_2016-04-14_Nottingham,35
NoXI,065_2016-04-14_Nottingham,36
NoXI,065_2016-04-14_Nottingham,37
NoXI,065_2016-04-14_Nottingham,38
NoXI,065_2016-04-14_Nottingham,39
NoXI,065_2016-04-14_Nottingham,4
NoXI,065_2016-04-14_Nottingham,40
NoXI,065_2016-04-14_Nottingham,41
NoXI,065_2016-04-14_Nottingham,42
NoXI,065_2016-04-14_Nottingham,43
NoXI,065_2016-04-14_Nottingham,44
NoXI,065_2016-04-14_Nottingham,5
NoXI,065_2016-04-14_Nottingham,6
NoXI,065_2016-04-14_Nottingham,7
NoXI,065_2016-04-14_Nottingham,8
NoXI,065_2016-04-14_Nottingham,9
NoXI,066_2016-05-23_Augsburg,1
NoXI,066_2016-05-23_Augsburg,10
NoXI,066_2016-05-23_Augsburg,11
NoXI,066_2016-05-23_Augsburg,12
NoXI,066_2016-05-23_Augsburg,13
NoXI,066_2016-05-23_Augsburg,14
NoXI,066_2016-05-23_Augsburg,15
NoXI,066_2016-05-23_Augsburg,16
NoXI,066_2016-05-23_Augsburg,17
NoXI,066_2016-05-23_Augsburg,18
NoXI,066_2016-05-23_Augsburg,19
NoXI,066_2016-05-23_Augsburg,2
NoXI,066_2016-05-23_Augsburg,20
NoXI,066_2016-05-23_Augsburg,21
NoXI,066_2016-05-23_Augsburg,22
NoXI,066_2016-05-23_Augsburg,23
NoXI,066_2016-05-23_Augsburg,24
NoXI,066_2016-05-23_Augsburg,25
NoXI,066_2016-05-23_Augsburg,26
NoXI,066_2016-05-23_Augsburg,27
NoXI,066_2016-05-23_Augsburg,28
NoXI,066_2016-05-23_Augsburg,29
NoXI,066_2016-05-23_Augsburg,3
NoXI,066_2016-05-23_Augsburg,30
NoXI,066_2016-05-23_Augsburg,31
NoXI,066_2016-05-23_Augsburg,32
NoXI,066_2016-05-23_Augsburg,33
NoXI,066_2016-05-23_Augsburg,34
NoXI,066_2016-05-23_Augsburg,35
NoXI,066_2016-05-23_Augsburg,36
NoXI,066_2016-05-23_Augsburg,37
NoXI,066_2016-05-23_Augsburg,38
NoXI,066_2016-05-23_Augsburg,4
NoXI,066_2016-05-23_Augsburg,5
NoXI,066_2016-05-23_Augsburg,6
NoXI,066_2016-05-23_Augsburg,7
NoXI,066_2016-05-23_Augsburg,8
NoXI,066_2016-05-23_Augsburg,9
NoXI,067_2016-05-23_Augsburg,1
NoXI,067_2016-05-23_Augsburg,10
NoXI,067_2016-05-23_Augsburg,11
NoXI,067_2016-05-23_Augsburg,12
NoXI,067_2016-05-23_Augsburg,13
NoXI,067_2016-05-23_Augsburg,14
NoXI,067_2016-05-23_Augsburg,15
NoXI,067_2016-05-23_Augsburg,16
NoXI,067_2016-05-23_Augsburg,17
NoXI,067_2016-05-23_Augsburg,18
NoXI,067_2016-05-23_Augsburg,19
NoXI,067_2016-05-23_Augsburg,2
NoXI,067_2016-05-23_Augsburg,20
NoXI,067_2016-05-23_Augsburg,21
NoXI,067_2016-05-23_Augsburg,22
NoXI,067_2016-05-23_Augsburg,23
NoXI,067_2016-05-23_Augsburg,24
NoXI,067_2016-05-23_Augsburg,25
NoXI,067_2016-05-23_Augsburg,26
NoXI,067_2016-05-23_Augsburg,27
NoXI,067_2016-05-23_Augsburg,28
NoXI,067_2016-05-23_Augsburg,29
NoXI,067_2016-05-23_Augsburg,3
NoXI,067_2016-05-23_Augsburg,30
NoXI,067_2016-05-23_Augsburg,31
NoXI,067_2016-05-23_Augsburg,32
NoXI,067_2016-05-23_Augsburg,33
NoXI,067_2016-05-23_Augsburg,34
NoXI,067_2016-05-23_Augsburg,35
NoXI,067_2016-05-23_Augsburg,36
NoXI,067_2016-05-23_Augsburg,37
NoXI,067_2016-05-23_Augsburg,38
NoXI,067_2016-05-23_Augsburg,39
NoXI,067_2016-05-23_Augsburg,4
NoXI,067_2016-05-23_Augsburg,40
NoXI,067_2016-05-23_Augsburg,41
NoXI,067_2016-05-23_Augsburg,42
NoXI,067_2016-05-23_Augsburg,43
NoXI,067_2016-05-23_Augsburg,44
NoXI,067_2016-05-23_Augsburg,45
NoXI,067_2016-05-23_Augsburg,46
NoXI,067_2016-05-23_Augsburg,47
NoXI,067_2016-05-23_Augsburg,48
NoXI,067_2016-05-23_Augsburg,49
NoXI,067_2016-05-23_Augsburg,5
NoXI,067_2016-05-23_Augsburg,50
NoXI,067_2016-05-23_Augsburg,51
NoXI,067_2016-05-23_Augsburg,52
NoXI,067_2016-05-23_Augsburg,53
NoXI,067_2016-05-23_Augsburg,54
NoXI,067_2016-05-23_Augsburg,55
NoXI,067_2016-05-23_Augsburg,56
NoXI,067_2016-05-23_Augsburg,57
NoXI,067_2016-05-23_Augsburg,58
NoXI,067_2016-05-23_Augsburg,59
NoXI,067_2016-05-23_Augsburg,6
NoXI,067_2016-05-23_Augsburg,60
NoXI,067_2016-05-23_Augsburg,61
NoXI,067_2016-05-23_Augsburg,62
NoXI,067_2016-05-23_Augsburg,63
NoXI,067_2016-05-23_Augsburg,7
NoXI,067_2016-05-23_Augsburg,8
NoXI,067_2016-05-23_Augsburg,9
NoXI,068_2016-05-23_Augsburg,1
NoXI,068_2016-05-23_Augsburg,10
NoXI,068_2016-05-23_Augsburg,11
NoXI,068_2016-05-23_Augsburg,12
NoXI,068_2016-05-23_Augsburg,13
NoXI,068_2016-05-23_Augsburg,14
NoXI,068_2016-05-23_Augsburg,15
NoXI,068_2016-05-23_Augsburg,16
NoXI,068_2016-05-23_Augsburg,17
NoXI,068_2016-05-23_Augsburg,18
NoXI,068_2016-05-23_Augsburg,19
NoXI,068_2016-05-23_Augsburg,2
NoXI,068_2016-05-23_Augsburg,20
NoXI,068_2016-05-23_Augsburg,21
NoXI,068_2016-05-23_Augsburg,22
NoXI,068_2016-05-23_Augsburg,23
NoXI,068_2016-05-23_Augsburg,24
NoXI,068_2016-05-23_Augsburg,25
NoXI,068_2016-05-23_Augsburg,26
NoXI,068_2016-05-23_Augsburg,27
NoXI,068_2016-05-23_Augsburg,28
NoXI,068_2016-05-23_Augsburg,29
NoXI,068_2016-05-23_Augsburg,3
NoXI,068_2016-05-23_Augsburg,30
NoXI,068_2016-05-23_Augsburg,31
NoXI,068_2016-05-23_Augsburg,32
NoXI,068_2016-05-23_Augsburg,33
NoXI,068_2016-05-23_Augsburg,4
NoXI,068_2016-05-23_Augsburg,5
NoXI,068_2016-05-23_Augsburg,6
NoXI,068_2016-05-23_Augsburg,7
NoXI,068_2016-05-23_Augsburg,8
NoXI,068_2016-05-23_Augsburg,9
NoXI,069_2016-05-23_Augsburg,1
NoXI,069_2016-05-23_Augsburg,10
NoXI,069_2016-05-23_Augsburg,11
NoXI,069_2016-05-23_Augsburg,12
NoXI,069_2016-05-23_Augsburg,13
NoXI,069_2016-05-23_Augsburg,14
NoXI,069_2016-05-23_Augsburg,15
NoXI,069_2016-05-23_Augsburg,16
NoXI,069_2016-05-23_Augsburg,17
NoXI,069_2016-05-23_Augsburg,18
NoXI,069_2016-05-23_Augsburg,19
NoXI,069_2016-05-23_Augsburg,2
NoXI,069_2016-05-23_Augsburg,20
NoXI,069_2016-05-23_Augsburg,21
NoXI,069_2016-05-23_Augsburg,22
NoXI,069_2016-05-23_Augsburg,23
NoXI,069_2016-05-23_Augsburg,24
NoXI,069_2016-05-23_Augsburg,25
NoXI,069_2016-05-23_Augsburg,26
NoXI,069_2016-05-23_Augsburg,27
NoXI,069_2016-05-23_Augsburg,28
NoXI,069_2016-05-23_Augsburg,29
NoXI,069_2016-05-23_Augsburg,3
NoXI,069_2016-05-23_Augsburg,30
NoXI,069_2016-05-23_Augsburg,31
NoXI,069_2016-05-23_Augsburg,32
NoXI,069_2016-05-23_Augsburg,33
NoXI,069_2016-05-23_Augsburg,34
NoXI,069_2016-05-23_Augsburg,35
NoXI,069_2016-05-23_Augsburg,36
NoXI,069_2016-05-23_Augsburg,37
NoXI,069_2016-05-23_Augsburg,38
NoXI,069_2016-05-23_Augsburg,39
NoXI,069_2016-05-23_Augsburg,4
NoXI,069_2016-05-23_Augsburg,40
NoXI,069_2016-05-23_Augsburg,41
NoXI,069_2016-05-23_Augsburg,42
NoXI,069_2016-05-23_Augsburg,43
NoXI,069_2016-05-23_Augsburg,44
NoXI,069_2016-05-23_Augsburg,45
NoXI,069_2016-05-23_Augsburg,46
NoXI,069_2016-05-23_Augsburg,47
NoXI,069_2016-05-23_Augsburg,48
NoXI,069_2016-05-23_Augsburg,49
NoXI,069_2016-05-23_Augsburg,5
NoXI,069_2016-05-23_Augsburg,50
NoXI,069_2016-05-23_Augsburg,51
NoXI,069_2016-05-23_Augsburg,52
NoXI,069_2016-05-23_Augsburg,53
NoXI,069_2016-05-23_Augsburg,54
NoXI,069_2016-05-23_Augsburg,55
NoXI,069_2016-05-23_Augsburg,56
NoXI,069_2016-05-23_Augsburg,57
NoXI,069_2016-05-23_Augsburg,58
NoXI,069_2016-05-23_Augsburg,59
NoXI,069_2016-05-23_Augsburg,6
NoXI,069_2016-05-23_Augsburg,60
NoXI,069_2016-05-23_Augsburg,61
NoXI,069_2016-05-23_Augsburg,62
NoXI,069_2016-05-23_Augsburg,63
NoXI,069_2016-05-23_Augsburg,7
NoXI,069_2016-05-23_Augsburg,8
NoXI,069_2016-05-23_Augsburg,9
NoXI,070_2016-05-23_Augsburg,1
NoXI,070_2016-05-23_Augsburg,10
NoXI,070_2016-05-23_Augsburg,11
NoXI,070_2016-05-23_Augsburg,12
NoXI,070_2016-05-23_Augsburg,13
NoXI,070_2016-05-23_Augsburg,14
NoXI,070_2016-05-23_Augsburg,15
NoXI,070_2016-05-23_Augsburg,16
NoXI,070_2016-05-23_Augsburg,17
NoXI,070_2016-05-23_Augsburg,18
NoXI,070_2016-05-23_Augsburg,19
NoXI,070_2016-05-23_Augsburg,2
NoXI,070_2016-05-23_Augsburg,20
NoXI,070_2016-05-23_Augsburg,21
NoXI,070_2016-05-23_Augsburg,22
NoXI,070_2016-05-23_Augsburg,23
NoXI,070_2016-05-23_Augsburg,24
NoXI,070_2016-05-23_Augsburg,25
NoXI,070_2016-05-23_Augsburg,26
NoXI,070_2016-05-23_Augsburg,27
NoXI,070_2016-05-23_Augsburg,28
NoXI,070_2016-05-23_Augsburg,29
NoXI,070_2016-05-23_Augsburg,3
NoXI,070_2016-05-23_Augsburg,30
NoXI,070_2016-05-23_Augsburg,31
NoXI,070_2016-05-23_Augsburg,32
NoXI,070_2016-05-23_Augsburg,33
NoXI,070_2016-05-23_Augsburg,34
NoXI,070_2016-05-23_Augsburg,4
NoXI,070_2016-05-23_Augsburg,5
NoXI,070_2016-05-23_Augsburg,6
NoXI,070_2016-05-23_Augsburg,7
NoXI,070_2016-05-23_Augsburg,8
NoXI,070_2016-05-23_Augsburg,9
NoXI,071_2016-05-23_Augsburg,1
NoXI,071_2016-05-23_Augsburg,10
NoXI,071_2016-05-23_Augsburg,11
NoXI,071_2016-05-23_Augsburg,12
NoXI,071_2016-05-23_Augsburg,13
NoXI,071_2016-05-23_Augsburg,14
NoXI,071_2016-05-23_Augsburg,15
NoXI,071_2016-05-23_Augsburg,16
NoXI,071_2016-05-23_Augsburg,17
NoXI,071_2016-05-23_Augsburg,18
NoXI,071_2016-05-23_Augsburg,19
NoXI,071_2016-05-23_Augsburg,2
NoXI,071_2016-05-23_Augsburg,20
NoXI,071_2016-05-23_Augsburg,21
NoXI,071_2016-05-23_Augsburg,22
NoXI,071_2016-05-23_Augsburg,23
NoXI,071_2016-05-23_Augsburg,24
NoXI,071_2016-05-23_Augsburg,25
NoXI,071_2016-05-23_Augsburg,26
NoXI,071_2016-05-23_Augsburg,27
NoXI,071_2016-05-23_Augsburg,28
NoXI,071_2016-05-23_Augsburg,29
NoXI,071_2016-05-23_Augsburg,3
NoXI,071_2016-05-23_Augsburg,30
NoXI,071_2016-05-23_Augsburg,31
NoXI,071_2016-05-23_Augsburg,32
NoXI,071_2016-05-23_Augsburg,33
NoXI,071_2016-05-23_Augsburg,34
NoXI,071_2016-05-23_Augsburg,35
NoXI,071_2016-05-23_Augsburg,36
NoXI,071_2016-05-23_Augsburg,37
NoXI,071_2016-05-23_Augsburg,38
NoXI,071_2016-05-23_Augsburg,39
NoXI,071_2016-05-23_Augsburg,4
NoXI,071_2016-05-23_Augsburg,40
NoXI,071_2016-05-23_Augsburg,41
NoXI,071_2016-05-23_Augsburg,42
NoXI,071_2016-05-23_Augsburg,5
NoXI,071_2016-05-23_Augsburg,6
NoXI,071_2016-05-23_Augsburg,7
NoXI,071_2016-05-23_Augsburg,8
NoXI,071_2016-05-23_Augsburg,9
NoXI,072_2016-05-23_Augsburg,1
NoXI,072_2016-05-23_Augsburg,10
NoXI,072_2016-05-23_Augsburg,11
NoXI,072_2016-05-23_Augsburg,12
NoXI,072_2016-05-23_Augsburg,13
NoXI,072_2016-05-23_Augsburg,14
NoXI,072_2016-05-23_Augsburg,15
NoXI,072_2016-05-23_Augsburg,16
NoXI,072_2016-05-23_Augsburg,17
NoXI,072_2016-05-23_Augsburg,18
NoXI,072_2016-05-23_Augsburg,19
NoXI,072_2016-05-23_Augsburg,2
NoXI,072_2016-05-23_Augsburg,20
NoXI,072_2016-05-23_Augsburg,21
NoXI,072_2016-05-23_Augsburg,22
NoXI,072_2016-05-23_Augsburg,23
NoXI,072_2016-05-23_Augsburg,24
NoXI,072_2016-05-23_Augsburg,25
NoXI,072_2016-05-23_Augsburg,26
NoXI,072_2016-05-23_Augsburg,27
NoXI,072_2016-05-23_Augsburg,28
NoXI,072_2016-05-23_Augsburg,3
NoXI,072_2016-05-23_Augsburg,4
NoXI,072_2016-05-23_Augsburg,5
NoXI,072_2016-05-23_Augsburg,6
NoXI,072_2016-05-23_Augsburg,7
NoXI,072_2016-05-23_Augsburg,8
NoXI,072_2016-05-23_Augsburg,9
NoXI,073_2016-05-23_Augsburg,1
NoXI,073_2016-05-23_Augsburg,10
NoXI,073_2016-05-23_Augsburg,11
NoXI,073_2016-05-23_Augsburg,12
NoXI,073_2016-05-23_Augsburg,13
NoXI,073_2016-05-23_Augsburg,14
NoXI,073_2016-05-23_Augsburg,15
NoXI,073_2016-05-23_Augsburg,16
NoXI,073_2016-05-23_Augsburg,17
NoXI,073_2016-05-23_Augsburg,18
NoXI,073_2016-05-23_Augsburg,19
NoXI,073_2016-05-23_Augsburg,2
NoXI,073_2016-05-23_Augsburg,20
NoXI,073_2016-05-23_Augsburg,21
NoXI,073_2016-05-23_Augsburg,22
NoXI,073_2016-05-23_Augsburg,23
NoXI,073_2016-05-23_Augsburg,24
NoXI,073_2016-05-23_Augsburg,25
NoXI,073_2016-05-23_Augsburg,26
NoXI,073_2016-05-23_Augsburg,27
NoXI,073_2016-05-23_Augsburg,28
NoXI,073_2016-05-23_Augsburg,29
NoXI,073_2016-05-23_Augsburg,3
NoXI,073_2016-05-23_Augsburg,30
NoXI,073_2016-05-23_Augsburg,4
NoXI,073_2016-05-23_Augsburg,5
NoXI,073_2016-05-23_Augsburg,6
NoXI,073_2016-05-23_Augsburg,7
NoXI,073_2016-05-23_Augsburg,8
NoXI,073_2016-05-23_Augsburg,9
NoXI,074_2016-05-23_Augsburg,1
NoXI,074_2016-05-23_Augsburg,10
NoXI,074_2016-05-23_Augsburg,11
NoXI,074_2016-05-23_Augsburg,12
NoXI,074_2016-05-23_Augsburg,13
NoXI,074_2016-05-23_Augsburg,14
NoXI,074_2016-05-23_Augsburg,15
NoXI,074_2016-05-23_Augsburg,16
NoXI,074_2016-05-23_Augsburg,17
NoXI,074_2016-05-23_Augsburg,18
NoXI,074_2016-05-23_Augsburg,19
NoXI,074_2016-05-23_Augsburg,2
NoXI,074_2016-05-23_Augsburg,20
NoXI,074_2016-05-23_Augsburg,21
NoXI,074_2016-05-23_Augsburg,22
NoXI,074_2016-05-23_Augsburg,23
NoXI,074_2016-05-23_Augsburg,24
NoXI,074_2016-05-23_Augsburg,25
NoXI,074_2016-05-23_Augsburg,26
NoXI,074_2016-05-23_Augsburg,27
NoXI,074_2016-05-23_Augsburg,28
NoXI,074_2016-05-23_Augsburg,29
NoXI,074_2016-05-23_Augsburg,3
NoXI,074_2016-05-23_Augsburg,30
NoXI,074_2016-05-23_Augsburg,31
NoXI,074_2016-05-23_Augsburg,4
NoXI,074_2016-05-23_Augsburg,5
NoXI,074_2016-05-23_Augsburg,6
NoXI,074_2016-05-23_Augsburg,7
NoXI,074_2016-05-23_Augsburg,8
NoXI,074_2016-05-23_Augsburg,9
NoXI,075_2016-05-23_Augsburg,1
NoXI,075_2016-05-23_Augsburg,10
NoXI,075_2016-05-23_Augsburg,11
NoXI,075_2016-05-23_Augsburg,12
NoXI,075_2016-05-23_Augsburg,13
NoXI,075_2016-05-23_Augsburg,14
NoXI,075_2016-05-23_Augsburg,15
NoXI,075_2016-05-23_Augsburg,16
NoXI,075_2016-05-23_Augsburg,17
NoXI,075_2016-05-23_Augsburg,18
NoXI,075_2016-05-23_Augsburg,19
NoXI,075_2016-05-23_Augsburg,2
NoXI,075_2016-05-23_Augsburg,20
NoXI,075_2016-05-23_Augsburg,21
NoXI,075_2016-05-23_Augsburg,22
NoXI,075_2016-05-23_Augsburg,23
NoXI,075_2016-05-23_Augsburg,24
NoXI,075_2016-05-23_Augsburg,25
NoXI,075_2016-05-23_Augsburg,26
NoXI,075_2016-05-23_Augsburg,27
NoXI,075_2016-05-23_Augsburg,28
NoXI,075_2016-05-23_Augsburg,29
NoXI,075_2016-05-23_Augsburg,3
NoXI,075_2016-05-23_Augsburg,30
NoXI,075_2016-05-23_Augsburg,31
NoXI,075_2016-05-23_Augsburg,32
NoXI,075_2016-05-23_Augsburg,33
NoXI,075_2016-05-23_Augsburg,4
NoXI,075_2016-05-23_Augsburg,5
NoXI,075_2016-05-23_Augsburg,6
NoXI,075_2016-05-23_Augsburg,7
NoXI,075_2016-05-23_Augsburg,8
NoXI,075_2016-05-23_Augsburg,9
NoXI,076_2016-05-24_Augsburg,1
NoXI,076_2016-05-24_Augsburg,10
NoXI,076_2016-05-24_Augsburg,11
NoXI,076_2016-05-24_Augsburg,12
NoXI,076_2016-05-24_Augsburg,13
NoXI,076_2016-05-24_Augsburg,14
NoXI,076_2016-05-24_Augsburg,15
NoXI,076_2016-05-24_Augsburg,16
NoXI,076_2016-05-24_Augsburg,2
NoXI,076_2016-05-24_Augsburg,3
NoXI,076_2016-05-24_Augsburg,4
NoXI,076_2016-05-24_Augsburg,5
NoXI,076_2016-05-24_Augsburg,6
NoXI,076_2016-05-24_Augsburg,7
NoXI,076_2016-05-24_Augsburg,8
NoXI,076_2016-05-24_Augsburg,9
NoXI,077_2016-05-24_Augsburg,1
NoXI,077_2016-05-24_Augsburg,10
NoXI,077_2016-05-24_Augsburg,11
NoXI,077_2016-05-24_Augsburg,12
NoXI,077_2016-05-24_Augsburg,13
NoXI,077_2016-05-24_Augsburg,14
NoXI,077_2016-05-24_Augsburg,15
NoXI,077_2016-05-24_Augsburg,16
NoXI,077_2016-05-24_Augsburg,17
NoXI,077_2016-05-24_Augsburg,18
NoXI,077_2016-05-24_Augsburg,19
NoXI,077_2016-05-24_Augsburg,2
NoXI,077_2016-05-24_Augsburg,20
NoXI,077_2016-05-24_Augsburg,21
NoXI,077_2016-05-24_Augsburg,22
NoXI,077_2016-05-24_Augsburg,23
NoXI,077_2016-05-24_Augsburg,24
NoXI,077_2016-05-24_Augsburg,25
NoXI,077_2016-05-24_Augsburg,26
NoXI,077_2016-05-24_Augsburg,27
NoXI,077_2016-05-24_Augsburg,28
NoXI,077_2016-05-24_Augsburg,29
NoXI,077_2016-05-24_Augsburg,3
NoXI,077_2016-05-24_Augsburg,4
NoXI,077_2016-05-24_Augsburg,5
NoXI,077_2016-05-24_Augsburg,6
NoXI,077_2016-05-24_Augsburg,7
NoXI,077_2016-05-24_Augsburg,8
NoXI,077_2016-05-24_Augsburg,9
NoXI,078_2016-05-24_Augsburg,1
NoXI,078_2016-05-24_Augsburg,10
NoXI,078_2016-05-24_Augsburg,11
NoXI,078_2016-05-24_Augsburg,12
NoXI,078_2016-05-24_Augsburg,13
NoXI,078_2016-05-24_Augsburg,14
NoXI,078_2016-05-24_Augsburg,15
NoXI,078_2016-05-24_Augsburg,16
NoXI,078_2016-05-24_Augsburg,17
NoXI,078_2016-05-24_Augsburg,18
NoXI,078_2016-05-24_Augsburg,19
NoXI,078_2016-05-24_Augsburg,2
NoXI,078_2016-05-24_Augsburg,20
NoXI,078_2016-05-24_Augsburg,21
NoXI,078_2016-05-24_Augsburg,22
NoXI,078_2016-05-24_Augsburg,23
NoXI,078_2016-05-24_Augsburg,24
NoXI,078_2016-05-24_Augsburg,25
NoXI,078_2016-05-24_Augsburg,26
NoXI,078_2016-05-24_Augsburg,27
NoXI,078_2016-05-24_Augsburg,28
NoXI,078_2016-05-24_Augsburg,29
NoXI,078_2016-05-24_Augsburg,3
NoXI,078_2016-05-24_Augsburg,30
NoXI,078_2016-05-24_Augsburg,31
NoXI,078_2016-05-24_Augsburg,32
NoXI,078_2016-05-24_Augsburg,33
NoXI,078_2016-05-24_Augsburg,34
NoXI,078_2016-05-24_Augsburg,35
NoXI,078_2016-05-24_Augsburg,36
NoXI,078_2016-05-24_Augsburg,37
NoXI,078_2016-05-24_Augsburg,38
NoXI,078_2016-05-24_Augsburg,4
NoXI,078_2016-05-24_Augsburg,5
NoXI,078_2016-05-24_Augsburg,6
NoXI,078_2016-05-24_Augsburg,7
NoXI,078_2016-05-24_Augsburg,8
NoXI,078_2016-05-24_Augsburg,9
NoXI,079_2016-05-24_Augsburg,1
NoXI,079_2016-05-24_Augsburg,10
NoXI,079_2016-05-24_Augsburg,11
NoXI,079_2016-05-24_Augsburg,12
NoXI,079_2016-05-24_Augsburg,13
NoXI,079_2016-05-24_Augsburg,14
NoXI,079_2016-05-24_Augsburg,15
NoXI,079_2016-05-24_Augsburg,16
NoXI,079_2016-05-24_Augsburg,17
NoXI,079_2016-05-24_Augsburg,18
NoXI,079_2016-05-24_Augsburg,19
NoXI,079_2016-05-24_Augsburg,2
NoXI,079_2016-05-24_Augsburg,20
NoXI,079_2016-05-24_Augsburg,21
NoXI,079_2016-05-24_Augsburg,22
NoXI,079_2016-05-24_Augsburg,23
NoXI,079_2016-05-24_Augsburg,24
NoXI,079_2016-05-24_Augsburg,25
NoXI,079_2016-05-24_Augsburg,26
NoXI,079_2016-05-24_Augsburg,27
NoXI,079_2016-05-24_Augsburg,28
NoXI,079_2016-05-24_Augsburg,29
NoXI,079_2016-05-24_Augsburg,3
NoXI,079_2016-05-24_Augsburg,30
NoXI,079_2016-05-24_Augsburg,4
NoXI,079_2016-05-24_Augsburg,5
NoXI,079_2016-05-24_Augsburg,6
NoXI,079_2016-05-24_Augsburg,7
NoXI,079_2016-05-24_Augsburg,8
NoXI,079_2016-05-24_Augsburg,9
NoXI,080_2016-05-24_Augsburg,1
NoXI,080_2016-05-24_Augsburg,10
NoXI,080_2016-05-24_Augsburg,11
NoXI,080_2016-05-24_Augsburg,12
NoXI,080_2016-05-24_Augsburg,13
NoXI,080_2016-05-24_Augsburg,14
NoXI,080_2016-05-24_Augsburg,15
NoXI,080_2016-05-24_Augsburg,16
NoXI,080_2016-05-24_Augsburg,17
NoXI,080_2016-05-24_Augsburg,18
NoXI,080_2016-05-24_Augsburg,19
NoXI,080_2016-05-24_Augsburg,2
NoXI,080_2016-05-24_Augsburg,20
NoXI,080_2016-05-24_Augsburg,21
NoXI,080_2016-05-24_Augsburg,22
NoXI,080_2016-05-24_Augsburg,23
NoXI,080_2016-05-24_Augsburg,24
NoXI,080_2016-05-24_Augsburg,25
NoXI,080_2016-05-24_Augsburg,26
NoXI,080_2016-05-24_Augsburg,27
NoXI,080_2016-05-24_Augsburg,28
NoXI,080_2016-05-24_Augsburg,29
NoXI,080_2016-05-24_Augsburg,3
NoXI,080_2016-05-24_Augsburg,30
NoXI,080_2016-05-24_Augsburg,4
NoXI,080_2016-05-24_Augsburg,5
NoXI,080_2016-05-24_Augsburg,6
NoXI,080_2016-05-24_Augsburg,7
NoXI,080_2016-05-24_Augsburg,8
NoXI,080_2016-05-24_Augsburg,9
NoXI,081_2016-05-24_Augsburg,1
NoXI,081_2016-05-24_Augsburg,10
NoXI,081_2016-05-24_Augsburg,11
NoXI,081_2016-05-24_Augsburg,12
NoXI,081_2016-05-24_Augsburg,13
NoXI,081_2016-05-24_Augsburg,14
NoXI,081_2016-05-24_Augsburg,15
NoXI,081_2016-05-24_Augsburg,16
NoXI,081_2016-05-24_Augsburg,17
NoXI,081_2016-05-24_Augsburg,18
NoXI,081_2016-05-24_Augsburg,19
NoXI,081_2016-05-24_Augsburg,2
NoXI,081_2016-05-24_Augsburg,20
NoXI,081_2016-05-24_Augsburg,21
NoXI,081_2016-05-24_Augsburg,22
NoXI,081_2016-05-24_Augsburg,23
NoXI,081_2016-05-24_Augsburg,24
NoXI,081_2016-05-24_Augsburg,25
NoXI,081_2016-05-24_Augsburg,26
NoXI,081_2016-05-24_Augsburg,27
NoXI,081_2016-05-24_Augsburg,28
NoXI,081_2016-05-24_Augsburg,29
NoXI,081_2016-05-24_Augsburg,3
NoXI,081_2016-05-24_Augsburg,30
NoXI,081_2016-05-24_Augsburg,31
NoXI,081_2016-05-24_Augsburg,32
NoXI,081_2016-05-24_Augsburg,33
NoXI,081_2016-05-24_Augsburg,34
NoXI,081_2016-05-24_Augsburg,35
NoXI,081_2016-05-24_Augsburg,36
NoXI,081_2016-05-24_Augsburg,37
NoXI,081_2016-05-24_Augsburg,38
NoXI,081_2016-05-24_Augsburg,4
NoXI,081_2016-05-24_Augsburg,5
NoXI,081_2016-05-24_Augsburg,6
NoXI,081_2016-05-24_Augsburg,7
NoXI,081_2016-05-24_Augsburg,8
NoXI,081_2016-05-24_Augsburg,9
NoXI,082_2016-05-25_Augsburg,1
NoXI,082_2016-05-25_Augsburg,10
NoXI,082_2016-05-25_Augsburg,11
NoXI,082_2016-05-25_Augsburg,12
NoXI,082_2016-05-25_Augsburg,13
NoXI,082_2016-05-25_Augsburg,2
NoXI,082_2016-05-25_Augsburg,3
NoXI,082_2016-05-25_Augsburg,4
NoXI,082_2016-05-25_Augsburg,5
NoXI,082_2016-05-25_Augsburg,6
NoXI,082_2016-05-25_Augsburg,7
NoXI,082_2016-05-25_Augsburg,8
NoXI,082_2016-05-25_Augsburg,9
NoXI,083_2016-05-25_Augsburg,1
NoXI,083_2016-05-25_Augsburg,10
NoXI,083_2016-05-25_Augsburg,11
NoXI,083_2016-05-25_Augsburg,12
NoXI,083_2016-05-25_Augsburg,13
NoXI,083_2016-05-25_Augsburg,14
NoXI,083_2016-05-25_Augsburg,15
NoXI,083_2016-05-25_Augsburg,16
NoXI,083_2016-05-25_Augsburg,17
NoXI,083_2016-05-25_Augsburg,18
NoXI,083_2016-05-25_Augsburg,19
NoXI,083_2016-05-25_Augsburg,2
NoXI,083_2016-05-25_Augsburg,20
NoXI,083_2016-05-25_Augsburg,3
NoXI,083_2016-05-25_Augsburg,4
NoXI,083_2016-05-25_Augsburg,5
NoXI,083_2016-05-25_Augsburg,6
NoXI,083_2016-05-25_Augsburg,7
NoXI,083_2016-05-25_Augsburg,8
NoXI,083_2016-05-25_Augsburg,9
NoXI,084_2016-05-31_Augsburg,1
NoXI,084_2016-05-31_Augsburg,10
NoXI,084_2016-05-31_Augsburg,11
NoXI,084_2016-05-31_Augsburg,12
NoXI,084_2016-05-31_Augsburg,13
NoXI,084_2016-05-31_Augsburg,14
NoXI,084_2016-05-31_Augsburg,15
NoXI,084_2016-05-31_Augsburg,16
NoXI,084_2016-05-31_Augsburg,17
NoXI,084_2016-05-31_Augsburg,18
NoXI,084_2016-05-31_Augsburg,19
NoXI,084_2016-05-31_Augsburg,2
NoXI,084_2016-05-31_Augsburg,20
NoXI,084_2016-05-31_Augsburg,21
NoXI,084_2016-05-31_Augsburg,22
NoXI,084_2016-05-31_Augsburg,23
NoXI,084_2016-05-31_Augsburg,24
NoXI,084_2016-05-31_Augsburg,25
NoXI,084_2016-05-31_Augsburg,26
NoXI,084_2016-05-31_Augsburg,27
NoXI,084_2016-05-31_Augsburg,28
NoXI,084_2016-05-31_Augsburg,29
NoXI,084_2016-05-31_Augsburg,3
NoXI,084_2016-05-31_Augsburg,30
NoXI,084_2016-05-31_Augsburg,31
NoXI,084_2016-05-31_Augsburg,32
NoXI,084_2016-05-31_Augsburg,33
NoXI,084_2016-05-31_Augsburg,34
NoXI,084_2016-05-31_Augsburg,35
NoXI,084_2016-05-31_Augsburg,36
NoXI,084_2016-05-31_Augsburg,37
NoXI,084_2016-05-31_Augsburg,38
NoXI,084_2016-05-31_Augsburg,39
NoXI,084_2016-05-31_Augsburg,4
NoXI,084_2016-05-31_Augsburg,40
NoXI,084_2016-05-31_Augsburg,41
NoXI,084_2016-05-31_Augsburg,42
NoXI,084_2016-05-31_Augsburg,43
NoXI,084_2016-05-31_Augsburg,44
NoXI,084_2016-05-31_Augsburg,45
NoXI,084_2016-05-31_Augsburg,46
NoXI,084_2016-05-31_Augsburg,47
NoXI,084_2016-05-31_Augsburg,48
NoXI,084_2016-05-31_Augsburg,49
NoXI,084_2016-05-31_Augsburg,5
NoXI,084_2016-05-31_Augsburg,50
NoXI,084_2016-05-31_Augsburg,51
NoXI,084_2016-05-31_Augsburg,52
NoXI,084_2016-05-31_Augsburg,53
NoXI,084_2016-05-31_Augsburg,54
NoXI,084_2016-05-31_Augsburg,55
NoXI,084_2016-05-31_Augsburg,56
NoXI,084_2016-05-31_Augsburg,57
NoXI,084_2016-05-31_Augsburg,58
NoXI,084_2016-05-31_Augsburg,6
NoXI,084_2016-05-31_Augsburg,7
NoXI,084_2016-05-31_Augsburg,8
NoXI,084_2016-05-31_Augsburg,9
Recola,group-1,1
Recola,group-1,2
Recola,group-1,3
Recola,group-1,4
Recola,group-1,5
Recola,group-1,6
Recola,group-1,7
Recola,group-1,8
Recola,group-1,9
Recola,group-2,1
Recola,group-2,2
Recola,group-2,3
Recola,group-2,4
Recola,group-2,5
Recola,group-2,6
Recola,group-2,7
Recola,group-2,8
Recola,group-2,9
Recola,group-3,1
Recola,group-3,2
Recola,group-3,3
Recola,group-3,4
Recola,group-3,5
Recola,group-3,6
Recola,group-3,7
Recola,group-3,8
Recola,group-3,9